0,0,0,0,0,0,0,00:00:00.8334530
0,0,0,0,0,0,0,00:00:00.9187680
0,0,0,0,0,0,0,00:00:00.9289290
0,0,0,0,0,0,0,00:00:00.9592640
0,0,0,0,0,0,0,00:00:01.0000440
0,0,0,0,0,0,0,00:00:01.0324930
0,0,0,0,0,0,0,00:00:01.0651490
0,0,0,0,0,0,0,00:00:01.0945580
0.01,-0.01,0.01,5.85,359.17,359.6,0,00:00:01.1295560
0.01,-0.01,0.01,5.85,359.16,359.6,0,00:00:01.1619070
0.01,-0.01,0.01,5.81,359.16,359.59,0,00:00:01.2083010
0.01,-0.01,0.01,5.75,359.19,359.56,0,00:00:01.2267240
0.01,-0.01,0.01,5.72,359.19,359.55,0,00:00:01.2609310
0.01,-0.01,0.01,5.71,359.18,359.56,0,00:00:01.2978740
0.01,-0.01,0.01,5.76,359.18,359.58,0,00:00:01.3271360
0.01,-0.01,0.01,5.77,359.19,359.61,0,00:00:01.3611860
0.01,-0.01,0.01,5.73,359.2,359.67,0,00:00:01.3937850
0.01,-0.01,0.01,5.67,359.2,359.69,0,00:00:01.4284470
0.01,-0.01,0.01,5.66,359.2,359.69,0,00:00:01.4629470
0.01,-0.01,0.01,5.62,359.2,359.69,0,00:00:01.4960250
0.01,-0.01,0.01,5.59,359.2,359.69,0,00:00:01.5289600
0.01,-0.01,0.01,5.59,359.2,359.68,0,00:00:01.5604540
0.01,-0.01,0.01,5.54,359.19,359.69,0,00:00:01.5939630
0.01,-0.01,0.01,5.53,359.19,359.69,0,00:00:01.6279200
0.01,-0.01,0.01,5.51,359.2,359.7,0,00:00:01.6602560
0.01,-0.01,0.01,5.47,359.21,359.7,0,00:00:01.6929080
0.01,-0.01,0.01,5.42,359.21,359.71,0,00:00:01.7280530
0.01,-0.01,0.01,5.43,359.21,359.74,0,00:00:01.7613960
0.01,-0.01,0.01,5.49,359.21,359.78,0,00:00:01.7928520
0.01,-0.01,0.01,5.66,359.2,359.81,0,00:00:01.8271470
0.01,-0.01,0.01,6.06,359.21,359.84,0,00:00:01.8608520
0.01,-0.01,0.01,6.4,359.23,359.91,0,00:00:01.9031790
0.01,-0.01,0.01,6.44,359.24,359.98,0,00:00:01.9264560
0.01,-0.01,0.01,6.3,359.23,359.95,0,00:00:01.9616180
0.01,-0.01,0.01,6.3,359.23,359.89,0,00:00:01.9984520
0.01,-0.01,0.01,6.36,359.23,359.87,0,00:00:02.0265100
0.01,-0.01,0.01,6.25,359.2,359.85,0,00:00:02.0628570
0.01,-0.01,0.01,6.33,359.17,359.74,0,00:00:02.0959650
0.01,-0.01,0.01,6.7,359.19,359.56,0,00:00:02.1293790
0.01,-0.01,0.01,6.98,359.09,359.39,0,00:00:02.1598530
0.01,-0.01,0.01,8.86,359.27,359.62,0,00:00:02.1975280
0.01,-0.01,0.01,11.34,0.84,0.52,0,00:00:02.2271790
0.01,-0.01,0.01,13.36,1.37,359.82,0,00:00:02.2628280
0.01,0,0.01,15.61,1.23,358.19,0,00:00:02.2942180
0.02,0.01,0.01,17.92,1.99,357.57,0,00:00:02.3298860
0.02,0.01,0.02,19.88,2.47,357.5,0,00:00:02.3664100
0.02,0.02,0.01,20.26,1.89,357.21,0,00:00:02.4013230
0.02,0.03,0.01,20.27,1.42,357.42,0,00:00:02.4272000
0.03,0.04,0.01,19.95,0.86,357.76,0,00:00:02.4591920
0.03,0.05,0.01,19.73,0.13,357.95,0,00:00:02.4955150
0.04,0.06,0.01,20.47,359.93,358.12,0,00:00:02.5280960
0.05,0.07,0.01,21.92,0.18,358.52,0,00:00:02.5619200
0.05,0.08,0,22.82,0.1,359.15,0,00:00:02.6032240
0.06,0.1,0,23.56,359.62,359.71,0,00:00:02.6281720
0.07,0.11,-0.01,24.33,359.15,0.34,0,00:00:02.6637370
0.08,0.12,-0.01,25.26,359.09,1.15,0,00:00:02.7082390
0.1,0.13,-0.02,26.51,359.38,2.06,0,00:00:02.7380020
0.11,0.14,-0.02,28.04,359.71,2.94,0,00:00:02.7612680
0.12,0.15,-0.02,29.05,0.04,3.9,0,00:00:02.7928530
0.14,0.15,-0.03,30.08,0.57,4.81,0,00:00:02.8363280
0.16,0.16,-0.03,31.72,1.19,5.64,0,00:00:02.8681750
0.18,0.16,-0.04,33.45,1.7,6.2,0,00:00:02.8977090
0.19,0.17,-0.04,35.53,2.75,7.2,0,00:00:02.9400810
0.21,0.17,-0.05,37.71,4.13,8.46,0,00:00:02.9781740
0.23,0.17,-0.05,39.85,4.92,9.42,0,00:00:03.0048190
0.24,0.17,-0.05,42.35,5.67,10.2,0,00:00:03.0294830
0.26,0.17,-0.06,44.98,6.58,11.05,0,00:00:03.0621230
0.27,0.17,-0.06,47.43,7.33,11.89,0,00:00:03.1041150
0.29,0.17,-0.07,49.83,7.67,12.33,0,00:00:03.1477500
0.3,0.17,-0.07,52.29,7.9,12.43,0,00:00:03.1727660
0.32,0.18,-0.07,55.54,9.04,12.76,0,00:00:03.1974330
0.33,0.18,-0.07,58.42,9.68,12.47,0,00:00:03.2281780
0.34,0.18,-0.08,60.61,9.4,11.23,0,00:00:03.2611960
0.35,0.18,-0.08,63.24,10.97,11.93,0,00:00:03.2945410
0.37,0.18,-0.08,65.24,12.69,13.82,0,00:00:03.3319420
0.38,0.17,-0.08,66.54,12.44,13.95,0,00:00:03.3617520
0.39,0.17,-0.09,67.97,13.41,14.8,0,00:00:03.3964480
0.4,0.17,-0.09,69.68,14.31,14.47,0,00:00:03.4288830
0.41,0.16,-0.09,71.42,15.92,14.94,0,00:00:03.4611210
0.42,0.16,-0.09,73.26,16.79,14.85,0,00:00:03.4984790
0.43,0.16,-0.09,74.99,16.01,12.82,0,00:00:03.5295170
0.45,0.15,-0.07,76.68,15.09,10.86,0,00:00:03.5628280
0.45,0.15,-0.07,78.05,16.73,11.58,0,00:00:03.5954160
0.46,0.14,-0.07,79.31,24.51,19.02,0,00:00:03.6289350
0.45,0.14,-0.06,80.66,38.93,34.69,0,00:00:03.6616230
0.46,0.14,-0.06,81.36,55.53,53.66,0,00:00:03.7189760
0.46,0.14,-0.06,81.67,64.6,64.12,0,00:00:03.7393050
0.46,0.14,-0.06,82.27,65.9,65.44,0,00:00:03.7613860
0.47,0.14,-0.05,83.52,64.28,63.62,0,00:00:03.7949960
0.47,0.14,-0.04,84.95,56.35,55.35,0,00:00:03.8579460
0.48,0.13,-0.04,86.08,40.61,39.06,0,00:00:03.8877340
0.48,0.13,-0.04,86.14,30.25,27.41,0,00:00:03.9181220
0.49,0.15,-0.04,86.68,24.59,20.7,0,00:00:03.9428920
0.49,0.14,-0.03,87.39,17.53,13.47,0,00:00:03.9874790
0.49,0.14,-0.03,88.26,6.52,2.65,0,00:00:04.0180380
0.5,0.14,-0.03,88.88,351.38,347.46,0,00:00:04.0443450
0.5,0.14,-0.03,89.35,328.95,324.92,0,00:00:04.0780150
0.5,0.14,-0.03,89.56,298.86,294.7,0,00:00:04.1310560
0.5,0.14,-0.03,89.96,4.21,0,0,00:00:04.1915020
0.49,0.13,-0.03,89.25,84.84,80.76,0,00:00:04.2049390
0.5,0.13,-0.03,88.28,117.23,114.74,0,00:00:04.2260610
0.5,0.13,-0.03,88.34,121.06,118.96,0,00:00:04.2617870
0.5,0.13,-0.03,88.41,114.13,112.01,0,00:00:04.2930080
0.5,0.13,-0.03,88.43,113.68,111.67,0,00:00:04.3285080
0.5,0.13,-0.03,88.03,113.53,111.84,0,00:00:04.3634330
0.5,0.13,-0.03,87.67,108.9,107.4,0,00:00:04.3928820
0.5,0.13,-0.03,87.45,97.37,95.82,0,00:00:04.4283340
0.5,0.12,-0.02,87.06,87.56,85.87,0,00:00:04.4609870
0.5,0.12,-0.02,86.66,81.5,79.67,0,00:00:04.5080010
0.5,0.12,-0.02,86.33,76.53,74.59,0,00:00:04.5266910
0.5,0.12,-0.02,86.2,74.86,72.93,0,00:00:04.5609450
0.49,0.12,-0.02,86.17,75.87,74.02,0,00:00:04.5983350
0.49,0.12,-0.02,86.17,78.64,76.94,0,00:00:04.6331640
0.49,0.12,-0.02,86.32,79.98,78.35,0,00:00:04.6624690
0.49,0.11,-0.02,86.51,78.71,77.11,0,00:00:04.6978320
0.49,0.11,-0.02,86.6,79.76,78.25,0,00:00:04.7294010
0.49,0.11,-0.02,86.64,81.64,80.26,0,00:00:04.9256870
0.49,0.11,-0.02,86.67,83.03,81.78,0.55,00:00:05.0152820
0.49,0.11,-0.02,86.63,84.28,83.16,0.55,00:00:05.0599010
0.49,0.11,-0.02,86.54,83.62,82.54,0.55,00:00:05.0816070
0.49,0.11,-0.02,86.4,79.07,77.89,0.55,00:00:05.1081000
0.49,0.12,-0.01,86.53,77,76.21,0.55,00:00:05.1320500
0.49,0.12,-0.01,86.36,76.85,76.13,0.55,00:00:05.1594830
0.49,0.12,-0.01,86.18,73.86,73.12,0.56,00:00:05.2085580
0.49,0.12,-0.01,85.93,70.67,69.85,0.56,00:00:05.2290050
0.49,0.12,-0.01,85.71,67.91,67.06,0.56,00:00:05.2644740
0.49,0.13,-0.01,85.69,63.17,62.33,0.56,00:00:05.2996890
0.49,0.13,-0.01,85.75,56.15,55.3,0.57,00:00:05.3267320
0.48,0.14,-0.01,85.66,45.87,44.98,0.57,00:00:05.3592410
0.48,0.14,-0.01,85.52,40.19,39.34,0.58,00:00:05.4091160
0.48,0.15,-0.01,85.24,34.58,33.8,0.59,00:00:05.4294080
0.48,0.16,-0.01,84.67,27.48,26.87,0.59,00:00:05.4588940
0.48,0.17,-0.01,83.35,17.01,16.59,0.6,00:00:05.4939490
0.49,0.18,-0.01,81,9.6,9.22,0.61,00:00:05.5282490
0.49,0.19,-0.01,77.61,7.51,6.91,0.63,00:00:05.5596340
0.49,0.2,-0.01,75.16,6.89,6.24,0.64,00:00:05.5932090
0.49,0.21,-0.01,73.79,5.51,4.95,0.65,00:00:05.6252850
0.49,0.23,0,72.14,3.58,2.7,0.67,00:00:05.6593600
0.49,0.25,0,69.82,1.95,0.99,0.69,00:00:05.6931120
0.49,0.27,0,67.99,0.56,359.99,0.7,00:00:05.7266150
0.49,0.29,0.01,65.52,359.85,359.64,0.73,00:00:05.7615360
0.49,0.31,0.01,62.81,0.35,0.02,0.74,00:00:05.7950110
0.49,0.33,0.02,60.67,359.87,358.81,0.77,00:00:05.8291290
0.49,0.35,0.03,59,358.84,357.11,0.79,00:00:05.8596050
0.49,0.37,0.04,57.06,358.27,356.23,0.81,00:00:05.8934020
0.49,0.38,0.04,55.58,357.85,355.6,0.83,00:00:05.9269100
0.49,0.4,0.06,53.91,359.4,356.79,0.84,00:00:05.9600620
0.49,0.41,0.07,52.02,0.71,358.12,0.86,00:00:05.9962150
0.49,0.43,0.08,50.27,0.44,357.75,0.87,00:00:06.0282900
0.49,0.44,0.1,48.76,359.51,356.66,0.89,00:00:06.0604300
0.49,0.45,0.11,47.48,358.73,355.81,0.9,00:00:06.0967320
0.49,0.46,0.13,46.27,358.56,355.62,0.91,00:00:06.1315910
0.49,0.47,0.15,44.88,358.67,355.64,0.92,00:00:06.1685100
0.49,0.48,0.17,43.68,358.5,355.39,0.94,00:00:06.2180480
0.49,0.48,0.2,42.3,358.24,355.03,0.95,00:00:06.2383950
0.48,0.49,0.22,40.81,358.06,354.85,0.96,00:00:06.2682730
0.48,0.49,0.25,38.87,358.13,354.97,0.97,00:00:06.2980880
0.48,0.5,0.28,36.49,357.88,355.62,0.99,00:00:06.3375910
0.48,0.51,0.32,34.41,357.95,356.34,1.01,00:00:06.3605890
0.48,0.52,0.35,32.44,358.09,357.2,1.03,00:00:06.3957040
0.48,0.53,0.39,31.05,357.7,357.62,1.05,00:00:06.4410760
0.47,0.54,0.42,30.13,357.51,357.7,1.07,00:00:06.4681980
0.47,0.55,0.46,29.52,357.18,357.15,1.1,00:00:06.4933040
0.47,0.57,0.49,28.93,356.59,356.54,1.13,00:00:06.5459920
0.47,0.58,0.52,27.91,356.26,356.54,1.16,00:00:06.5634380
0.47,0.6,0.56,27.21,356.01,356.91,1.19,00:00:06.5914710
0.47,0.6,0.59,26.99,356.16,357.45,1.21,00:00:06.6270170
0.47,0.61,0.62,26.68,356.79,357.94,1.24,00:00:06.6600040
0.47,0.62,0.65,26.21,357.37,358.11,1.26,00:00:06.6925460
0.47,0.63,0.69,26.25,357.56,357.97,1.28,00:00:06.7286050
0.47,0.63,0.72,26.52,357.51,357.82,1.3,00:00:06.7638620
0.47,0.63,0.76,26.53,357.24,357.66,1.32,00:00:06.7976710
0.47,0.62,0.79,26.4,357.16,357.67,1.34,00:00:06.8332450
0.48,0.62,0.82,26.36,357.04,357.67,1.36,00:00:06.8618480
0.48,0.61,0.86,26.23,356.83,357.61,1.38,00:00:06.9004430
0.48,0.61,0.9,25.81,356.75,357.53,1.4,00:00:06.9258190
0.49,0.6,0.94,25.39,357,357.5,1.42,00:00:06.9601160
0.49,0.6,0.98,25,357.26,357.35,1.45,00:00:06.9916560
0.5,0.6,1.03,24.94,356.72,356.79,1.48,00:00:07.0260510
0.5,0.61,1.07,25.69,355.65,356.18,1.51,00:00:07.0588300
0.5,0.61,1.11,26.14,355.2,355.94,1.55,00:00:07.0928030
0.51,0.62,1.15,25.5,354.52,355.82,1.59,00:00:07.1277810
0.51,0.63,1.19,25.44,353.3,355.64,1.62,00:00:07.1627350
0.51,0.64,1.24,26.03,352.49,355.37,1.66,00:00:07.1989890
0.5,0.65,1.28,26.9,351.67,354.87,1.7,00:00:07.2278330
0.5,0.65,1.32,28.12,351.14,354.67,1.73,00:00:07.2607240
0.5,0.66,1.36,28.23,351.63,355.19,1.77,00:00:07.2917300
0.5,0.66,1.4,27.54,352.13,355.57,1.8,00:00:07.3262090
0.5,0.66,1.44,27.46,351.99,355.47,1.84,00:00:07.3620640
0.5,0.66,1.49,27.43,351.64,355.33,1.87,00:00:07.3926810
0.5,0.65,1.53,27.01,351.32,355.36,1.9,00:00:07.4255230
0.5,0.65,1.57,26.22,351.48,355.68,1.94,00:00:07.4593780
0.5,0.64,1.62,25.53,351.46,355.73,1.97,00:00:07.4982870
0.5,0.64,1.66,25.56,351.31,355.61,2,00:00:07.5256070
0.5,0.64,1.7,25.31,351.88,355.82,2.04,00:00:07.5604300
0.49,0.64,1.76,24.59,353,356.5,2.08,00:00:07.5998680
0.49,0.64,1.8,24.62,354.29,357.2,2.12,00:00:07.6252580
0.49,0.64,1.84,24.46,356.22,358.06,2.16,00:00:07.6627860
0.49,0.65,1.89,23.8,357.62,358.82,2.2,00:00:07.6990630
0.49,0.65,1.93,23.14,358.63,359.58,2.24,00:00:07.7273000
0.49,0.66,1.97,23.21,359.85,0.52,2.28,00:00:07.7592670
0.5,0.65,2.01,23.8,1.28,1.47,2.31,00:00:07.7940140
0.5,0.65,2.05,23.99,2.51,2.03,2.34,00:00:07.8265450
0.5,0.66,2.09,24.22,3,1.93,2.38,00:00:07.8664260
0.5,0.65,2.12,24.61,2.81,1.48,2.41,00:00:07.8931770
0.5,0.65,2.16,24.89,2.41,1.05,2.45,00:00:07.9264090
0.5,0.65,2.2,25.01,2.13,0.9,2.48,00:00:07.9590020
0.48,0.64,2.24,24.93,2.07,0.98,2.51,00:00:07.9978620
0.48,0.63,2.28,24.76,2.19,0.99,2.55,00:00:08.0348070
0.48,0.63,2.33,24.69,2.55,1.04,2.58,00:00:08.0705620
0.48,0.62,2.37,24.57,2.99,1.05,2.62,00:00:08.0948570
0.49,0.58,2.43,24.81,3.03,0.69,2.66,00:00:08.1276550
0.49,0.57,2.48,24.92,3.12,0.44,2.7,00:00:08.1597800
0.49,0.57,2.52,24.99,3.27,0.22,2.74,00:00:08.1923410
0.49,0.56,2.57,25.18,2.83,359.49,2.78,00:00:08.2282960
0.5,0.57,2.62,26.33,1.71,358.35,2.83,00:00:08.2611110
0.5,0.57,2.66,27.72,0.59,357.43,2.87,00:00:08.2930850
0.5,0.57,2.7,28.81,359.1,356.34,2.91,00:00:08.3260710
0.5,0.57,2.74,30.28,357.57,355.42,2.95,00:00:08.3579470
0.5,0.57,2.79,31.94,357.19,355.67,3,00:00:08.3948140
0.5,0.58,2.83,33,356.96,356,3.04,00:00:08.4265940
0.5,0.58,2.87,33.85,356.63,356.26,3.07,00:00:08.4602190
0.49,0.58,2.9,34.26,357.42,357.15,3.1,00:00:08.5019120
0.49,0.58,2.93,34.91,357.9,357.46,3.13,00:00:08.5277160
0.49,0.58,2.95,36.01,357.8,357.4,3.15,00:00:08.5588640
0.5,0.58,2.98,36.91,358.22,357.57,3.18,00:00:08.5982140
0.5,0.57,3.02,37.32,358.58,357.48,3.21,00:00:08.6265730
0.5,0.56,3.05,38.7,358.4,356.87,3.24,00:00:08.6603270
0.5,0.56,3.08,40.3,358.39,356.56,3.26,00:00:08.6925400
0.5,0.55,3.11,41,358.61,356.74,3.29,00:00:08.7260230
0.5,0.55,3.05,41.47,359.22,357.42,3.23,00:00:08.7608640
0.5,0.54,3.08,42.53,359.9,358.15,3.26,00:00:08.7985250
0.5,0.53,3.12,44.15,0.52,358.92,3.29,00:00:08.8271480
0.5,0.52,3.15,46.05,0.81,359.32,3.32,00:00:08.8597210
0.5,0.51,3.18,47.61,0.85,359.56,3.35,00:00:08.8920000
0.5,0.5,3.22,48.59,0.87,0.02,3.38,00:00:08.9271240
0.5,0.49,3.25,49.99,2.23,1.53,3.41,00:00:08.9596850
0.5,0.47,3.29,51.25,4.31,3.4,3.44,00:00:08.9948560
0.5,0.47,3.32,52.92,5.2,4,3.47,00:00:09.0284680
0.5,0.46,3.35,55.37,4.88,3.4,3.5,00:00:09.0674300
0.5,0.45,3.39,57.8,4.78,2.91,3.53,00:00:09.0946430
0.5,0.44,3.42,59.87,5.22,2.92,3.56,00:00:09.1378420
0.5,0.44,3.45,61.5,6.16,3.49,3.58,00:00:09.1633580
0.5,0.43,3.47,62.7,7.65,4.52,3.61,00:00:09.1922150
0.5,0.42,3.5,63.84,8.84,5.32,3.63,00:00:09.2285260
0.5,0.42,3.52,65.41,8.64,4.96,3.65,00:00:09.2683150
0.5,0.41,3.53,66.83,8.05,4.44,3.66,00:00:09.2941680
0.5,0.4,3.55,67.75,8.41,5.05,3.68,00:00:09.3259370
0.5,0.39,3.55,68.27,9.01,5.94,3.68,00:00:09.3589510
0.5,0.38,3.57,69.2,9.64,6.85,3.69,00:00:09.3928150
0.5,0.37,3.59,70.16,10.26,7.74,3.71,00:00:09.4386870
0.5,0.36,3.6,71.34,10.36,7.95,3.71,00:00:09.4588470
0.5,0.35,3.62,72.87,10.85,8.37,3.73,00:00:09.4981410
0.5,0.33,3.63,74.08,12.06,9.61,3.74,00:00:09.5274600
0.5,0.32,3.64,75.14,13.61,11.36,3.75,00:00:09.5616850
0.51,0.31,3.66,75.88,15.22,13.4,3.76,00:00:09.6045270
0.51,0.3,3.67,76.4,14.83,13.67,3.77,00:00:09.6257200
0.51,0.29,3.68,77.3,12.31,11.79,3.78,00:00:09.6624670
0.51,0.28,3.69,78.23,10.31,10.41,3.79,00:00:09.6931780
0.52,0.28,3.7,78.9,10.68,11.35,3.8,00:00:09.7280950
0.52,0.27,3.71,79.41,12.2,13.28,3.8,00:00:09.7621490
0.52,0.26,3.72,79.78,12.64,13.84,3.82,00:00:09.7955300
0.52,0.25,3.73,80.12,11.11,12.22,3.82,00:00:09.8337590
0.53,0.24,3.74,80.42,10.02,11.08,3.83,00:00:09.8625240
0.53,0.23,3.75,80.62,10.35,11.44,3.84,00:00:09.8962530
0.53,0.23,3.76,80.78,10.81,11.95,3.85,00:00:09.9276100
0.54,0.22,3.77,81,11.37,12.5,3.85,00:00:09.9607790
0.54,0.21,3.78,81.14,12.33,13.41,3.86,00:00:09.9981670
0.54,0.2,3.78,81.26,13.28,14.26,3.87,00:00:10.0432450
0.54,0.2,3.79,81.54,13.67,14.49,3.87,00:00:10.0782160
0.55,0.2,3.79,81.97,12.75,13.36,3.87,00:00:10.1025570
0.55,0.19,3.8,82.37,11.13,11.52,3.88,00:00:10.1303700
0.55,0.19,3.8,82.6,9.77,10.07,3.88,00:00:10.1699810
0.55,0.18,3.8,82.86,9.66,9.98,3.88,00:00:10.2084000
0.55,0.18,3.81,83.07,10.67,11.09,3.89,00:00:10.2486270
0.55,0.18,3.81,83.32,11.92,12.53,3.89,00:00:10.2777460
0.55,0.17,3.81,83.62,12.94,13.79,3.89,00:00:10.3095320
0.56,0.17,3.81,83.96,12.71,13.75,3.89,00:00:10.3589660
0.56,0.17,3.82,84.25,11.17,12.31,3.89,00:00:10.3765730
0.56,0.17,3.82,84.51,10.28,11.49,3.89,00:00:10.3980830
0.56,0.17,3.82,84.66,10.86,12.16,3.9,00:00:10.4267610
0.56,0.16,3.82,84.79,11.78,13.17,3.9,00:00:10.4660100
0.56,0.16,3.82,84.92,11.73,13.22,3.9,00:00:10.5003550
0.56,0.16,3.82,85.01,11.19,12.8,3.9,00:00:10.5355440
0.56,0.16,3.83,84.87,10.8,12.52,3.9,00:00:10.5787120
0.56,0.16,3.83,84.91,9.74,11.59,3.9,00:00:10.6274660
0.56,0.16,3.83,84.98,8.95,10.82,3.9,00:00:10.6604400
0.56,0.16,3.83,84.98,7.27,9.16,3.9,00:00:10.6753780
0.56,0.16,3.83,85.09,6.31,8.21,3.91,00:00:10.7080070
0.56,0.16,3.83,85.23,6.7,8.58,3.91,00:00:10.7340850
0.56,0.16,3.83,85.27,7.24,9.1,3.91,00:00:10.7605500
0.57,0.16,3.83,85.19,6.56,8.45,3.91,00:00:10.7923250
0.57,0.16,3.84,85.04,5.71,7.66,3.91,00:00:10.8274800
0.57,0.16,3.84,84.91,5.8,7.8,3.91,00:00:10.8665510
0.57,0.17,3.84,84.77,5.34,7.29,3.91,00:00:10.9035000
0.57,0.17,3.84,84.65,3.91,5.73,3.91,00:00:10.9287920
0.57,0.17,3.84,84.53,1.69,3.28,3.92,00:00:10.9598460
0.57,0.18,3.84,84.29,358.89,0.19,3.92,00:00:10.9926300
0.57,0.18,3.84,83.89,355.49,356.55,3.92,00:00:11.0320460
0.57,0.19,3.84,83.31,352.73,353.66,3.92,00:00:11.0603690
0.57,0.2,3.84,82.15,352.69,353.5,3.92,00:00:11.0918010
0.58,0.21,3.84,80.61,354.08,354.69,3.93,00:00:11.1257720
0.58,0.22,3.84,79.55,354.42,354.67,3.93,00:00:11.1600800
0.58,0.23,3.84,79.05,354.18,354.17,3.93,00:00:11.1938250
0.58,0.24,3.84,77.96,354.74,354.44,3.93,00:00:11.2487440
0.58,0.26,3.84,76.55,355.7,355.02,3.93,00:00:11.2859610
0.58,0.27,3.85,75.11,356.03,354.81,3.94,00:00:11.3548240
0.59,0.29,3.85,73.79,355.15,353.21,3.94,00:00:11.3882230
0.59,0.3,3.85,72.97,353.84,351.18,3.95,00:00:11.4278540
0.59,0.33,3.85,70.44,353.78,349.89,3.96,00:00:11.4435020
0.59,0.34,3.85,68.86,355.33,350.98,3.96,00:00:11.4611100
0.59,0.36,3.85,67.02,356.89,352.06,3.97,00:00:11.5059310
0.6,0.37,3.86,65.36,358.26,352.94,3.97,00:00:11.5480330
0.6,0.39,3.86,63.38,359.8,354.11,3.98,00:00:11.5821280
0.6,0.4,3.87,61.27,0.31,354.61,3.99,00:00:11.6181690
0.6,0.42,3.87,59.57,359.11,353.72,3.99,00:00:11.6493120
0.6,0.44,3.87,58.64,357.04,352.32,4,00:00:11.6724870
0.6,0.45,3.87,57.59,355.83,351.83,4,00:00:11.6937670
0.6,0.47,3.87,56.42,355.48,352.39,4.01,00:00:11.7290320
0.59,0.48,3.88,55.15,355.38,353.41,4.01,00:00:11.7589180
0.59,0.49,3.88,53.87,354.45,354.14,4.02,00:00:11.7978100
0.58,0.5,3.89,52.61,353.8,355.11,4.03,00:00:11.8282470
0.57,0.51,3.9,51.43,353.77,356.4,4.04,00:00:11.8674530
0.56,0.52,3.91,50.59,353.25,357.24,4.05,00:00:11.8971990
0.55,0.52,3.92,49.69,351.41,357.36,4.06,00:00:11.9262440
0.54,0.53,3.92,48.65,348.82,357.2,4.07,00:00:11.9571800
0.53,0.53,3.93,47.65,346.12,357.12,4.08,00:00:11.9976310
0.52,0.54,3.94,46.96,343.09,357.03,4.09,00:00:12.0295750
0.51,0.54,3.95,46.52,339.63,356.87,4.1,00:00:12.0680690
0.5,0.54,3.96,46.01,335.76,356.59,4.11,00:00:12.0931840
0.49,0.54,3.97,45.71,331.53,356.15,4.12,00:00:12.1262500
0.48,0.54,3.98,45.56,327.24,355.84,4.12,00:00:12.1580420
0.47,0.54,3.98,45.24,322.72,355.75,4.13,00:00:12.1912330
0.46,0.54,3.98,45.01,317.53,355.45,4.13,00:00:12.2270810
0.45,0.54,3.99,45,312.43,355.34,4.13,00:00:12.2611610
0.44,0.54,3.98,44.75,307.49,355.46,4.13,00:00:12.3082650
0.44,0.53,3.98,44.68,302.09,355.28,4.13,00:00:12.3259600
0.43,0.53,3.98,44.97,296.34,354.8,4.12,00:00:12.3604360
0.43,0.53,3.97,45.41,291.01,354.69,4.12,00:00:12.3912160
0.43,0.53,3.97,46.06,285.74,354.32,4.12,00:00:12.4305090
0.44,0.53,3.96,46.72,280.65,353.61,4.11,00:00:12.4601760
0.44,0.53,3.96,46.88,276.11,353.17,4.1,00:00:12.4922700
0.44,0.53,3.95,46.99,271.89,352.67,4.1,00:00:12.5263520
0.45,0.54,3.95,47.09,267.87,351.87,4.1,00:00:12.5686880
0.45,0.54,3.95,47.03,264.29,350.93,4.09,00:00:12.5907230
0.46,0.54,3.94,47.08,261.19,349.81,4.09,00:00:12.6251830
0.46,0.53,3.94,47.31,258.62,348.64,4.08,00:00:12.6596190
0.46,0.53,3.94,47.42,256.28,347.47,4.08,00:00:12.6914080
0.46,0.53,3.93,47.6,253.96,346.38,4.08,00:00:12.7245740
0.46,0.53,3.93,47.6,253.96,346.38,4.08,00:00:12.7567230
0.46,0.53,3.93,47.6,253.96,346.38,4.08,00:00:12.7928930
0.46,0.53,3.93,47.6,253.96,346.38,4.08,00:00:12.8289150
0.46,0.53,3.93,47.6,253.96,346.38,4.08,00:00:12.8601890
0.46,0.53,3.93,47.6,253.96,346.38,4.08,00:00:12.8958630
0.46,0.53,3.93,47.6,253.96,346.38,4.08,00:00:12.9288040
0.46,0.53,3.93,47.6,253.96,346.38,4.08,00:00:12.9587960
0.46,0.53,3.93,47.6,253.96,346.38,4.08,00:00:13.0019420
0.46,0.53,3.93,47.6,253.96,346.38,4.08,00:00:13.0309740
0.46,0.53,3.93,47.6,253.96,346.38,4.08,00:00:13.0595470
0.46,0.53,3.93,47.6,253.96,346.38,4.08,00:00:13.0926380
0.46,0.53,3.93,47.6,253.96,346.38,4.08,00:00:13.1262940
0.46,0.53,3.93,47.6,253.96,346.38,4.08,00:00:13.1591980
0.46,0.53,3.93,47.6,253.96,346.38,4.08,00:00:13.2008320
0.46,0.53,3.93,47.6,253.96,346.38,4.08,00:00:13.2284970
0.46,0.53,3.93,47.6,253.96,346.38,4.08,00:00:13.2603310
0.46,0.53,3.93,47.6,253.96,346.38,4.08,00:00:13.3004080
0.46,0.53,3.93,47.6,253.96,346.38,4.08,00:00:13.3275950
0.46,0.53,3.93,47.6,253.96,346.38,4.08,00:00:13.3587340
0.46,0.53,3.93,47.6,253.96,346.38,4.08,00:00:13.3949240
0.46,0.53,3.93,47.6,253.96,346.38,4.08,00:00:13.4286880
0.46,0.53,3.93,47.6,253.96,346.38,4.08,00:00:13.4587050
0.46,0.53,3.93,47.6,253.96,346.38,4.08,00:00:13.4920720
0.46,0.53,3.93,47.6,253.96,346.38,4.08,00:00:13.5244090
0.46,0.53,3.93,47.6,253.96,346.38,4.08,00:00:13.5615320
0.46,0.53,3.93,47.6,253.96,346.38,4.08,00:00:13.5934610
0.46,0.53,3.93,47.6,253.96,346.38,4.08,00:00:13.6261660
0.46,0.53,3.93,47.6,253.96,346.38,4.08,00:00:13.6588290
0.46,0.53,3.93,47.6,253.96,346.38,4.08,00:00:13.6937300
0.46,0.53,3.93,47.6,253.96,346.38,4.08,00:00:13.7278840
0.46,0.53,3.93,47.6,253.96,346.38,4.08,00:00:13.7599890
0.46,0.53,3.93,47.6,253.96,346.38,4.08,00:00:13.7945820
0.46,0.53,3.93,47.6,253.96,346.38,4.08,00:00:13.8281050
0.46,0.53,3.93,47.6,253.96,346.38,4.08,00:00:13.8615560
0.46,0.53,3.93,47.6,253.96,346.38,4.08,00:00:13.8937860
0.47,0.46,3.95,87.53,274.69,353.44,4.08,00:00:13.9302970
0.47,0.45,3.95,87.69,273.3,351.89,4.08,00:00:13.9643270
0.47,0.45,3.95,87.83,270.01,348.61,4.08,00:00:13.9978990
0.47,0.45,3.95,87.82,268.41,347.09,4.08,00:00:14.0280720
0.47,0.44,3.95,87.87,263.93,342.7,4.08,00:00:14.0609840
0.47,0.44,3.95,88,266.12,344.93,4.08,00:00:14.0963170
0.47,0.44,3.95,88.13,267.92,346.74,4.08,00:00:14.1288890
0.47,0.44,3.95,88.2,267.76,346.52,4.08,00:00:14.1572570
0.47,0.43,3.95,88.27,262.35,340.99,4.07,00:00:14.1921780
0.47,0.43,3.95,88.28,261,339.47,4.07,00:00:14.2257460
0.47,0.43,3.95,88.33,258.79,337.12,4.07,00:00:14.2564190
0.47,0.42,3.95,88.31,252.63,330.93,4.07,00:00:14.2913410
0.47,0.42,3.95,88.29,253.8,332.08,4.07,00:00:14.3255050
0.47,0.42,3.95,88.24,252.85,331.13,4.07,00:00:14.3590260
0.47,0.42,3.96,88.26,251.57,329.77,4.08,00:00:14.3937520
0.47,0.42,3.96,88.31,247.92,326.02,4.08,00:00:14.4265720
0.47,0.42,3.96,88.29,245.73,323.8,4.07,00:00:14.4648020
0.47,0.42,3.96,88.29,247.43,325.49,4.07,00:00:14.5079740
0.47,0.42,3.96,88.34,248.77,326.9,4.07,00:00:14.5355140
0.47,0.42,3.96,88.26,248.08,326.27,4.08,00:00:14.5617560
0.47,0.41,3.96,87.98,247.14,325.37,4.07,00:00:14.5932670
0.47,0.41,3.96,87.67,245.71,323.96,4.07,00:00:14.6346350
0.47,0.41,3.96,87.56,247.39,325.57,4.07,00:00:14.6605830
0.47,0.41,3.96,87.63,247.65,325.81,4.07,00:00:14.6927090
0.47,0.41,3.96,87.76,250.4,328.6,4.08,00:00:14.7256360
0.47,0.41,3.96,87.88,257.34,335.54,4.07,00:00:14.7594310
0.47,0.41,3.96,87.9,265.41,343.58,4.07,00:00:14.7979910
0.47,0.41,3.96,87.85,271.46,349.55,4.07,00:00:14.8281980
0.47,0.41,3.96,87.75,274.63,352.65,4.07,00:00:14.8633590
0.47,0.41,3.96,87.66,274.17,352.09,4.07,00:00:14.8921770
0.47,0.41,3.96,87.54,273.05,350.93,4.07,00:00:14.9252310
0.47,0.42,3.96,87.38,271.75,349.62,4.08,00:00:14.9576270
0.47,0.42,3.96,87.12,271.08,348.95,4.08,00:00:14.9995810
0.47,0.42,3.96,86.66,270.66,348.54,4.08,00:00:15.0265120
0.47,0.43,3.96,85.61,271.64,349.59,4.08,00:00:15.0624290
0.47,0.44,3.96,83.91,273.13,351.17,4.08,00:00:15.0922450
0.47,0.45,3.96,82.28,274.24,352.21,4.08,00:00:15.1265820
0.47,0.46,3.96,80.78,273.75,351.39,4.08,00:00:15.1621000
0.47,0.47,3.95,78.82,274.04,351.16,4.08,00:00:15.1909480
0.46,0.48,3.95,77,274.82,351.46,4.08,00:00:15.2237670
0.46,0.49,3.95,75.29,276.36,352.39,4.08,00:00:15.2597940
0.46,0.5,3.95,73.33,276.85,352.26,4.09,00:00:15.3038690
0.45,0.52,3.94,71.19,277.11,351.89,4.09,00:00:15.3285500
0.45,0.53,3.94,69.04,277.85,352.18,4.09,00:00:15.3607860
0.44,0.55,3.94,67.05,278.71,352.82,4.09,00:00:15.3916330
0.44,0.56,3.94,64.69,279.7,353.65,4.09,00:00:15.4234400
0.43,0.58,3.94,61.73,280.52,354.3,4.1,00:00:15.4579790
0.42,0.59,3.94,58.82,281.12,354.62,4.1,00:00:15.4971770
0.41,0.61,3.94,56.25,281.78,354.97,4.1,00:00:15.5280100
0.4,0.62,3.94,54.07,282.53,355.45,4.11,00:00:15.5642270
0.38,0.63,3.94,52.41,282.9,355.53,4.11,00:00:15.5979840
0.37,0.64,3.94,51.56,283.02,355.54,4.12,00:00:15.6241110
0.35,0.65,3.95,50.81,283.04,355.54,4.13,00:00:15.6570090
0.33,0.66,3.95,49.34,282.75,355.35,4.13,00:00:15.6978530
0.31,0.67,3.96,47.86,282.3,355.25,4.14,00:00:15.7313790
0.29,0.67,3.96,46.88,281.71,354.98,4.15,00:00:15.7727770
0.27,0.68,3.97,45.87,281.14,354.62,4.15,00:00:15.7945860
0.24,0.68,3.97,44.62,280.64,354.24,4.16,00:00:15.8262310
0.22,0.69,3.98,43.29,280.28,354.13,4.17,00:00:15.8592870
0.19,0.69,3.98,41.67,280.12,354.35,4.18,00:00:15.8920450
0.16,0.7,3.99,40.3,279.38,354.12,4.19,00:00:15.9253180
0.13,0.7,4,39.64,277.77,353.11,4.2,00:00:15.9582590
0.1,0.71,4.01,39.47,275.63,351.71,4.21,00:00:15.9985670
0.07,0.72,4.01,40.09,273.84,350.64,4.22,00:00:16.0247990
0.04,0.73,4.02,40.47,272.55,350.12,4.24,00:00:16.0573630
0,0.74,4.03,39.66,271.52,350.14,4.25,00:00:16.0913500
-0.03,0.75,4.03,38.96,270.18,350.19,4.27,00:00:16.1296840
-0.06,0.77,4.04,38.79,269.2,350.16,4.28,00:00:16.1598500
-0.09,0.78,4.04,38.85,268.29,350.02,4.29,00:00:16.1910440
-0.13,0.79,4.05,38.87,267.63,350.13,4.3,00:00:16.2253860
-0.16,0.8,4.05,38.71,267.78,350.91,4.31,00:00:16.2570120
-0.19,0.8,4.06,38.19,267.94,351.78,4.33,00:00:16.3024560
-0.23,0.8,4.06,37.72,267.5,352.12,4.34,00:00:16.3258080
-0.27,0.8,4.06,37.26,266.95,352.19,4.34,00:00:16.3561790
-0.3,0.8,4.07,37,266.84,352.35,4.35,00:00:16.4018030
-0.35,0.79,4.07,36.55,267.17,352.88,4.37,00:00:16.4279870
-0.39,0.79,4.08,35.51,267.01,353.34,4.38,00:00:16.4576460
-0.43,0.78,4.08,34.44,266.41,353.5,4.39,00:00:16.4961680
-0.47,0.78,4.09,33.46,266.07,353.57,4.4,00:00:16.5285570
-0.52,0.78,4.09,32.96,266.38,353.59,4.42,00:00:16.5583130
-0.56,0.78,4.1,32.52,266.92,353.35,4.43,00:00:16.6008440
-0.61,0.79,4.1,32.35,267.42,352.91,4.45,00:00:16.6268540
-0.61,0.79,4.1,32.35,267.42,352.91,4.45,00:00:16.6561420
-0.61,0.79,4.1,32.35,267.42,352.91,4.45,00:00:16.6940040
-0.61,0.79,4.1,32.35,267.42,352.91,4.45,00:00:16.7270240
-0.61,0.79,4.1,32.35,267.42,352.91,4.45,00:00:16.7569300
-0.61,0.79,4.1,32.35,267.42,352.91,4.45,00:00:16.7999820
-0.61,0.79,4.1,32.35,267.42,352.91,4.45,00:00:16.8293150
-0.61,0.79,4.1,32.35,267.42,352.91,4.45,00:00:16.8594610
-0.61,0.79,4.1,32.35,267.42,352.91,4.45,00:00:16.8925410
-0.61,0.79,4.1,32.35,267.42,352.91,4.45,00:00:16.9267130
-0.61,0.79,4.1,32.35,267.42,352.91,4.45,00:00:16.9588590
-0.61,0.79,4.1,32.35,267.42,352.91,4.45,00:00:16.9934360
-0.61,0.79,4.1,32.35,267.42,352.91,4.45,00:00:17.0281560
-0.61,0.79,4.1,32.35,267.42,352.91,4.45,00:00:17.0593560
-0.61,0.79,4.1,32.35,267.42,352.91,4.45,00:00:17.0998310
-0.61,0.79,4.1,32.35,267.42,352.91,4.45,00:00:17.1269240
-0.61,0.79,4.1,32.35,267.42,352.91,4.45,00:00:17.1568120
-0.61,0.79,4.1,32.35,267.42,352.91,4.45,00:00:17.1919400
-0.61,0.79,4.1,32.35,267.42,352.91,4.45,00:00:17.2257530
-0.61,0.79,4.1,32.35,267.42,352.91,4.45,00:00:17.2579090
-0.61,0.79,4.1,32.35,267.42,352.91,4.45,00:00:17.2990000
-0.61,0.79,4.1,32.35,267.42,352.91,4.45,00:00:17.3275730
-0.61,0.79,4.1,32.35,267.42,352.91,4.45,00:00:17.3573110
-0.61,0.79,4.1,32.35,267.42,352.91,4.45,00:00:17.3991020
-0.61,0.79,4.1,32.35,267.42,352.91,4.45,00:00:17.4252170
-0.61,0.79,4.1,32.35,267.42,352.91,4.45,00:00:17.4588890
-0.61,0.79,4.1,32.35,267.42,352.91,4.45,00:00:17.4934560
-0.61,0.79,4.1,32.35,267.42,352.91,4.45,00:00:17.5262640
-0.61,0.79,4.1,32.35,267.42,352.91,4.45,00:00:17.5565130
-0.61,0.79,4.1,32.35,267.42,352.91,4.45,00:00:17.5941050
-0.61,0.79,4.1,32.35,267.42,352.91,4.45,00:00:17.6252520
-0.61,0.79,4.1,32.35,267.42,352.91,4.45,00:00:17.6578720
-0.61,0.79,4.1,32.35,267.42,352.91,4.45,00:00:17.6981180
-0.61,0.79,4.1,32.35,267.42,352.91,4.45,00:00:17.7250000
-0.61,0.79,4.1,32.35,267.42,352.91,4.45,00:00:17.7584160
-0.61,0.79,4.1,32.35,267.42,352.91,4.45,00:00:17.7911680
-0.61,0.79,4.1,32.35,267.42,352.91,4.45,00:00:17.8235900
-0.61,0.79,4.1,32.35,267.42,352.91,4.45,00:00:17.8559750
-0.61,0.79,4.1,32.35,267.42,352.91,4.45,00:00:17.8947930
-0.61,0.79,4.1,32.35,267.42,352.91,4.45,00:00:17.9265890
-0.61,0.79,4.1,32.35,267.42,352.91,4.45,00:00:17.9555560
-0.61,0.79,4.1,32.35,267.42,352.91,4.45,00:00:17.9900300
-0.61,0.79,4.1,32.35,267.42,352.91,4.45,00:00:18.0231020
-0.61,0.79,4.1,32.35,267.42,352.91,4.45,00:00:18.0564980
-0.61,0.79,4.1,32.35,267.42,352.91,4.45,00:00:18.0976630
-0.61,0.79,4.1,32.35,267.42,352.91,4.45,00:00:18.1260080
-0.61,0.79,4.1,32.35,267.42,352.91,4.45,00:00:18.1565800
-0.61,0.79,4.1,32.35,267.42,352.91,4.45,00:00:18.1899940
-0.61,0.79,4.1,32.35,267.42,352.91,4.45,00:00:18.2235890
-0.61,0.79,4.1,32.35,267.42,352.91,4.45,00:00:18.2563310
-0.61,0.79,4.1,32.35,267.42,352.91,4.45,00:00:18.2898300
-0.61,0.79,4.1,32.35,267.42,352.91,4.45,00:00:18.3233500
-0.61,0.79,4.1,32.35,267.42,352.91,4.45,00:00:18.3565050
-0.61,0.79,4.1,32.35,267.42,352.91,4.45,00:00:18.3898550
-0.61,0.79,4.1,32.35,267.42,352.91,4.45,00:00:18.4259550
-0.61,0.79,4.1,32.35,267.42,352.91,4.45,00:00:18.4567200
-0.61,0.79,4.1,32.35,267.42,352.91,4.45,00:00:18.4903020
-0.61,0.79,4.1,32.35,267.42,352.91,4.45,00:00:18.5273780
-0.61,0.79,4.1,32.35,267.42,352.91,4.45,00:00:18.5602230
-0.61,0.79,4.1,32.35,267.42,352.91,4.45,00:00:18.5934640
-0.61,0.79,4.1,32.35,267.42,352.91,4.45,00:00:18.6258160
-0.61,0.79,4.1,32.35,267.42,352.91,4.45,00:00:18.6587070
-0.61,0.79,4.1,32.35,267.42,352.91,4.45,00:00:18.6994840
-0.61,0.79,4.1,32.35,267.42,352.91,4.45,00:00:18.7259330
-0.61,0.79,4.1,32.35,267.42,352.91,4.45,00:00:18.7575830
-0.61,0.79,4.1,32.35,267.42,352.91,4.45,00:00:18.7940960
-0.61,0.79,4.1,32.35,267.42,352.91,4.45,00:00:18.8280190
-0.61,0.79,4.1,32.35,267.42,352.91,4.45,00:00:18.8577170
-0.61,0.79,4.1,32.35,267.42,352.91,4.45,00:00:18.8948100
-0.61,0.79,4.1,32.35,267.42,352.91,4.45,00:00:18.9309240
-0.61,0.79,4.1,32.35,267.42,352.91,4.45,00:00:18.9568110
-0.61,0.79,4.1,32.35,267.42,352.91,4.45,00:00:18.9924360
-0.61,0.79,4.1,32.35,267.42,352.91,4.45,00:00:19.0263290
-0.61,0.79,4.1,32.35,267.42,352.91,4.45,00:00:19.0625760
-0.61,0.79,4.1,32.35,267.42,352.91,4.45,00:00:19.0942840
-0.61,0.79,4.1,32.35,267.42,352.91,4.45,00:00:19.1298380
-0.61,0.79,4.1,32.35,267.42,352.91,4.45,00:00:19.1590160
-0.61,0.79,4.1,32.35,267.42,352.91,4.45,00:00:19.1952540
-0.61,0.79,4.1,32.35,267.42,352.91,4.45,00:00:19.2292800
-0.61,0.79,4.1,32.35,267.42,352.91,4.45,00:00:19.2575230
-0.61,0.79,4.1,32.35,267.42,352.91,4.45,00:00:19.2988590
-0.61,0.79,4.1,32.35,267.42,352.91,4.45,00:00:19.3259190
-0.61,0.79,4.1,32.35,267.42,352.91,4.45,00:00:19.3561130
-0.61,0.79,4.1,32.35,267.42,352.91,4.45,00:00:19.3927990
-0.61,0.79,4.1,32.35,267.42,352.91,4.45,00:00:19.4269920
-0.61,0.79,4.1,32.35,267.42,352.91,4.45,00:00:19.4575010
-0.61,0.79,4.1,32.35,267.42,352.91,4.45,00:00:19.4994730
-0.61,0.79,4.1,32.35,267.42,352.91,4.45,00:00:19.5269670
-0.61,0.79,4.1,32.35,267.42,352.91,4.45,00:00:19.5563630
-0.61,0.79,4.1,32.35,267.42,352.91,4.45,00:00:19.5908310
-0.61,0.79,4.1,32.35,267.42,352.91,4.45,00:00:19.6271990
-0.61,0.79,4.1,32.35,267.42,352.91,4.45,00:00:19.6580120
-0.61,0.79,4.1,32.35,267.42,352.91,4.45,00:00:19.6993870
-0.61,0.79,4.1,32.35,267.42,352.91,4.45,00:00:19.7260980
-0.61,0.79,4.1,32.35,267.42,352.91,4.45,00:00:19.7559150
-0.61,0.79,4.1,32.35,267.42,352.91,4.45,00:00:19.7894820
-0.61,0.79,4.1,32.35,267.42,352.91,4.45,00:00:19.8241720
-0.61,0.79,4.1,32.35,267.42,352.91,4.45,00:00:19.8565100
-0.61,0.79,4.1,32.35,267.42,352.91,4.45,00:00:19.8914550
-0.61,0.79,4.1,32.35,267.42,352.91,4.45,00:00:19.9281150
-0.61,0.79,4.1,32.35,267.42,352.91,4.45,00:00:19.9584380
-0.61,0.79,4.1,32.35,267.42,352.91,4.45,00:00:19.9975780
-0.61,0.79,4.1,32.35,267.42,352.91,4.45,00:00:20.0274070
-0.61,0.79,4.1,32.35,267.42,352.91,4.45,00:00:20.0581840
-0.61,0.79,4.1,32.35,267.42,352.91,4.45,00:00:20.0887500
-0.61,0.79,4.1,32.35,267.42,352.91,4.45,00:00:20.1237500
-0.61,0.79,4.1,32.35,267.42,352.91,4.45,00:00:20.1552700
-0.61,0.79,4.1,32.35,267.42,352.91,4.45,00:00:20.1902600
-0.61,0.79,4.1,32.35,267.42,352.91,4.45,00:00:20.2228200
-0.61,0.79,4.1,32.35,267.42,352.91,4.45,00:00:20.2575920
-0.61,0.79,4.1,32.35,267.42,352.91,4.45,00:00:20.2888100
-0.61,0.79,4.1,32.35,267.42,352.91,4.45,00:00:20.3240700
-0.61,0.79,4.1,32.35,267.42,352.91,4.45,00:00:20.3571670
-0.61,0.79,4.1,32.35,267.42,352.91,4.45,00:00:20.3885910
-0.61,0.79,4.1,32.35,267.42,352.91,4.45,00:00:20.4253830
-0.61,0.79,4.1,32.35,267.42,352.91,4.45,00:00:20.4580330
-0.61,0.79,4.1,32.35,267.42,352.91,4.45,00:00:20.4904020
-0.61,0.79,4.1,32.35,267.42,352.91,4.45,00:00:20.5225490
-0.61,0.79,4.1,32.35,267.42,352.91,4.45,00:00:20.5604370
-0.61,0.79,4.1,32.35,267.42,352.91,4.45,00:00:20.5919020
-0.61,0.79,4.1,32.35,267.42,352.91,4.45,00:00:20.6291570
-0.61,0.79,4.1,32.35,267.42,352.91,4.45,00:00:20.6599740
-0.61,0.79,4.1,32.35,267.42,352.91,4.45,00:00:20.6904850
-1.14,0.78,4.08,34.63,257.22,356.26,4.59,00:00:20.7241580
-1.32,0.74,4.06,34.98,258.27,357.53,4.63,00:00:20.7585890
-1.37,0.73,4.06,34.49,258.68,358.44,4.65,00:00:20.7896140
-1.45,0.71,4.06,35,258.71,359.09,4.67,00:00:20.8225980
-1.49,0.7,4.06,34.77,258.94,359.68,4.69,00:00:20.8559630
-1.55,0.7,4.05,33.69,260.14,0.44,4.71,00:00:20.8897380
-1.6,0.69,4.05,32.77,261.12,0.58,4.73,00:00:20.9251300
-1.69,0.68,4.05,33.37,261.49,0.09,4.76,00:00:20.9557180
-1.74,0.68,4.04,33.93,262.24,359.92,4.78,00:00:20.9914690
-1.79,0.68,4.04,33.2,263.47,0.24,4.8,00:00:21.0247690
-1.84,0.68,4.03,32.91,264.61,0.73,4.82,00:00:21.0625510
-1.89,0.68,4.03,33.25,265.77,1.29,4.85,00:00:21.0997710
-1.94,0.69,4.03,33.41,267.34,1.98,4.87,00:00:21.1231000
-1.99,0.69,4.03,33.14,268.73,2.53,4.9,00:00:21.1612150
-2.04,0.7,4.03,33.48,269.23,2.4,4.92,00:00:21.2078220
-2.08,0.7,4.03,34.29,268.76,1.52,4.94,00:00:21.2254290
-2.13,0.7,4.02,34.82,267.81,0.38,4.97,00:00:21.2559170
-2.18,0.7,4.02,34.98,266.82,359.57,4.99,00:00:21.2917580
-2.22,0.69,4.02,34.98,265.81,359.07,5.01,00:00:21.3244180
-2.27,0.68,4.01,35.17,264.67,358.56,5.03,00:00:21.3570240
-2.32,0.67,4.01,35.49,263.65,358.15,5.05,00:00:21.4011990
-2.37,0.66,4,35.59,262.86,357.97,5.07,00:00:21.4257680
-2.41,0.65,3.99,35.63,261.86,357.7,5.09,00:00:21.4565140
-2.46,0.65,3.99,35.73,259.96,356.73,5.11,00:00:21.4980540
-2.51,0.64,3.98,37.11,257.9,355.51,5.13,00:00:21.5230920
-2.56,0.63,3.97,38.43,257.73,355.14,5.15,00:00:21.5566410
-2.6,0.63,3.96,38.62,257.12,354.09,5.17,00:00:21.5942560
-2.65,0.62,3.95,40.3,254.52,351.62,5.19,00:00:21.6284610
-2.88,0.61,3.91,42.98,253.25,350.76,5.3,00:00:21.6568750
-2.93,0.61,3.9,44.45,254.45,352.22,5.32,00:00:21.6988770
-2.99,0.6,3.88,45.91,255.56,354.07,5.34,00:00:21.7259360
-3.03,0.59,3.87,47.96,255.95,355.05,5.36,00:00:21.7572790
-3.08,0.58,3.85,50.02,256.77,355.99,5.38,00:00:21.7903390
-3.13,0.56,3.84,51.69,257.04,356.18,5.4,00:00:21.8269110
-3.13,0.56,3.84,51.69,257.04,356.18,5.4,00:00:21.8589320
-3.13,0.56,3.84,51.69,257.04,356.18,5.4,00:00:21.8991190
-3.13,0.56,3.84,51.69,257.04,356.18,5.4,00:00:21.9254820
-3.13,0.56,3.84,51.69,257.04,356.18,5.4,00:00:21.9599030
-3.13,0.56,3.84,51.69,257.04,356.18,5.4,00:00:21.9904160
-3.13,0.56,3.84,51.69,257.04,356.18,5.4,00:00:22.0275890
-3.13,0.56,3.84,51.69,257.04,356.18,5.4,00:00:22.0577730
-3.13,0.56,3.84,51.69,257.04,356.18,5.4,00:00:22.0911760
-3.13,0.56,3.84,51.69,257.04,356.18,5.4,00:00:22.1250180
-3.13,0.56,3.84,51.69,257.04,356.18,5.4,00:00:22.1566360
-3.13,0.56,3.84,51.69,257.04,356.18,5.4,00:00:22.1884170
-3.13,0.56,3.84,51.69,257.04,356.18,5.4,00:00:22.2265290
-3.13,0.56,3.84,51.69,257.04,356.18,5.4,00:00:22.2583310
-3.13,0.56,3.84,51.69,257.04,356.18,5.4,00:00:22.2917290
-3.13,0.56,3.84,51.69,257.04,356.18,5.4,00:00:22.3231230
-3.13,0.56,3.84,51.69,257.04,356.18,5.4,00:00:22.3564740
-3.13,0.56,3.84,51.69,257.04,356.18,5.4,00:00:22.3889060
-3.13,0.56,3.84,51.69,257.04,356.18,5.4,00:00:22.4244160
-3.13,0.56,3.84,51.69,257.04,356.18,5.4,00:00:22.4567740
-3.13,0.56,3.84,51.69,257.04,356.18,5.4,00:00:22.4906370
-3.13,0.56,3.84,51.69,257.04,356.18,5.4,00:00:22.5229360
-3.13,0.56,3.84,51.69,257.04,356.18,5.4,00:00:22.5559890
-3.13,0.56,3.84,51.69,257.04,356.18,5.4,00:00:22.5986260
-3.13,0.56,3.84,51.69,257.04,356.18,5.4,00:00:22.6249270
-3.13,0.56,3.84,51.69,257.04,356.18,5.4,00:00:22.6572350
-3.13,0.56,3.84,51.69,257.04,356.18,5.4,00:00:22.6911930
-3.13,0.56,3.84,51.69,257.04,356.18,5.4,00:00:22.7241120
-3.13,0.56,3.84,51.69,257.04,356.18,5.4,00:00:22.7622070
-3.06,0.44,3.86,85.68,269.15,10.36,5.35,00:00:22.7895900
-3.04,0.46,3.87,85.94,270.7,11.77,5.34,00:00:22.8234140
-3.05,0.46,3.87,86.1,267.48,8.4,5.35,00:00:22.8550700
-3.05,0.46,3.87,86.1,264.26,5.14,5.35,00:00:22.8911970
-3.05,0.45,3.87,85.99,263.77,4.75,5.35,00:00:22.9286480
-3.06,0.44,3.87,86.15,263.8,5,5.36,00:00:22.9597520
-3.06,0.44,3.87,86.34,265.14,6.52,5.36,00:00:22.9972070
-3.05,0.45,3.88,86.42,269.12,10.75,5.36,00:00:23.0263550
-3.05,0.44,3.88,86.43,272.8,14.56,5.36,00:00:23.0632570
-3.06,0.44,3.89,86.52,274.64,16.44,5.36,00:00:23.0963820
-3.06,0.44,3.89,86.63,276.86,18.65,5.36,00:00:23.1313810
-3.06,0.43,3.89,86.68,278.78,20.47,5.36,00:00:23.1579100
-3.06,0.43,3.89,86.74,280.37,21.95,5.37,00:00:23.1957130
-3.07,0.43,3.89,86.89,283.72,25.19,5.37,00:00:23.2313320
-3.07,0.42,3.89,87.01,285.02,26.41,5.37,00:00:23.2577850
-3.07,0.42,3.89,87.2,282.32,23.66,5.37,00:00:23.2879580
-3.07,0.42,3.89,87.3,278.98,20.37,5.37,00:00:23.3230190
-3.07,0.42,3.89,87.35,278.01,19.57,5.37,00:00:23.3565790
-3.07,0.42,3.89,87.44,278.01,19.76,5.38,00:00:23.3950710
-3.07,0.42,3.9,87.48,278.14,20.01,5.38,00:00:23.4218040
-3.08,0.41,3.9,87.55,276.81,18.7,5.38,00:00:23.4558330
-3.08,0.41,3.9,87.63,274.87,16.74,5.38,00:00:23.4898410
-3.08,0.41,3.9,87.39,267.33,9.23,5.38,00:00:23.5250100
-3.08,0.41,3.9,87.21,264.6,6.51,5.38,00:00:23.5625560
-3.08,0.41,3.9,87.21,265.69,7.66,5.39,00:00:23.6015450
-3.08,0.41,3.9,87.27,268.08,10.1,5.39,00:00:23.6326370
-3.08,0.42,3.91,87.19,269.18,11.19,5.39,00:00:23.6634970
-3.08,0.42,3.91,87,272.47,14.45,5.39,00:00:23.6897920
-3.08,0.42,3.91,86.9,275.96,17.86,5.39,00:00:23.7297430
-3.08,0.42,3.91,86.68,275.7,17.48,5.39,00:00:23.7583510
-3.08,0.42,3.91,86.41,274.15,15.75,5.39,00:00:23.7910540
-3.08,0.43,3.91,85.96,270.48,11.99,5.39,00:00:23.8252410
-3.08,0.43,3.91,85.41,265.07,6.5,5.4,00:00:23.8674960
-3.08,0.44,3.91,84.85,260.21,1.52,5.4,00:00:23.8892930
-3.08,0.45,3.91,84.01,257.4,358.71,5.4,00:00:23.9274120
-3.08,0.46,3.91,82.92,256.35,357.67,5.4,00:00:23.9582630
-3.09,0.47,3.91,81.51,256.81,358.03,5.41,00:00:23.9885360
-3.09,0.48,3.92,79.68,256.87,357.65,5.41,00:00:24.0241520
-3.1,0.5,3.91,77.72,256.95,357.12,5.42,00:00:24.0774770
-3.1,0.52,3.91,74.95,258.36,357.97,5.42,00:00:24.1493400
-3.1,0.54,3.92,72.47,259.94,359.15,5.43,00:00:24.1806730
-3.1,0.56,3.92,70.66,259.65,358.52,5.43,00:00:24.2473080
-3.1,0.6,3.92,66.82,259.45,357.56,5.44,00:00:24.2731620
-3.12,0.63,3.91,64.73,260.25,358.32,5.46,00:00:24.2925660
-3.12,0.67,3.9,60.77,261.46,0.23,5.46,00:00:24.3274250
-3.13,0.69,3.9,58.39,261.33,1,5.47,00:00:24.3558080
-3.13,0.72,3.89,56.57,260.3,1.22,5.47,00:00:24.4130060
-3.13,0.74,3.88,55.11,258.83,1.37,5.47,00:00:24.4344960
-3.13,0.76,3.87,53.89,256.41,0.88,5.46,00:00:24.4776500
-3.13,0.78,3.86,54.07,253.62,0.16,5.46,00:00:24.4977310
-3.13,0.79,3.85,53.25,250.55,359.39,5.45,00:00:24.5259510
-3.13,0.81,3.83,50.85,247.49,358.91,5.45,00:00:24.5555960
-3.13,0.82,3.82,48.99,245.4,359.06,5.44,00:00:24.5910040
-3.13,0.84,3.8,46.92,242.48,359.04,5.43,00:00:24.6240090
-3.13,0.85,3.78,45.07,239.43,358.96,5.42,00:00:24.6579880
-3.13,0.86,3.76,42.99,236.77,359.37,5.41,00:00:24.6895360
-3.13,0.87,3.74,41.51,233.75,359.89,5.39,00:00:24.7237020
-3.13,0.88,3.72,40.66,230.08,0.19,5.38,00:00:24.7560290
-3.13,0.88,3.7,39.9,226.1,0.41,5.37,00:00:24.7882190
-3.13,0.88,3.68,39.29,221.65,0.34,5.35,00:00:24.8227380
-3.13,0.89,3.66,39.22,216.7,359.75,5.34,00:00:24.8569590
-3.13,0.89,3.63,39.23,211.87,359.02,5.32,00:00:24.8889480
-3.13,0.89,3.61,39.01,207.41,358.6,5.31,00:00:24.9220640
-3.12,0.89,3.59,38.75,202.91,358.47,5.29,00:00:24.9558330
-3.12,0.89,3.57,38.51,197.76,358.02,5.28,00:00:24.9900050
-3.12,0.88,3.55,38.34,191.94,357.26,5.26,00:00:25.0246420
-3.12,0.88,3.53,38.26,186.36,356.8,5.24,00:00:25.0556430
-3.11,0.88,3.51,38.69,181.72,356.87,5.23,00:00:25.0904550
-3.11,0.88,3.49,39.05,177.79,357.19,5.22,00:00:25.1288960
-3.11,0.88,3.48,39.2,173.21,356.55,5.2,00:00:25.1561510
-3.11,0.87,3.46,40.41,168.07,355.13,5.19,00:00:25.1872700
-3.11,0.87,3.44,41.77,164.84,355.21,5.18,00:00:25.2228400
-3.11,0.87,3.42,41.81,163.32,356.53,5.17,00:00:25.2594410
-3.11,0.87,3.4,41.92,160.99,356.53,5.15,00:00:25.2893950
-3.12,0.88,3.37,42.93,157.7,354.87,5.14,00:00:25.3249640
-3.12,0.87,3.35,43.57,154.89,353.17,5.12,00:00:25.3549670
-3.11,0.87,3.32,43.72,152.9,352.1,5.1,00:00:25.3879210
-3.11,0.87,3.29,43.66,151.59,351.7,5.08,00:00:25.4223700
-3.11,0.87,3.29,43.66,151.59,351.7,5.08,00:00:25.4558070
-3.11,0.87,3.29,43.66,151.59,351.7,5.08,00:00:25.4895740
-3.11,0.87,3.29,43.66,151.59,351.7,5.08,00:00:25.5232860
-3.11,0.87,3.29,43.66,151.59,351.7,5.08,00:00:25.5559270
-3.11,0.87,3.29,43.66,151.59,351.7,5.08,00:00:25.5891260
-3.11,0.87,3.29,43.66,151.59,351.7,5.08,00:00:25.6237560
-3.11,0.87,3.29,43.66,151.59,351.7,5.08,00:00:25.6571460
-3.11,0.87,3.29,43.66,151.59,351.7,5.08,00:00:25.6903600
-3.11,0.87,3.29,43.66,151.59,351.7,5.08,00:00:25.7235450
-3.11,0.87,3.29,43.66,151.59,351.7,5.08,00:00:25.7580490
-3.11,0.87,3.29,43.66,151.59,351.7,5.08,00:00:25.7901150
-3.11,0.87,3.29,43.66,151.59,351.7,5.08,00:00:25.8261650
-3.11,0.87,3.29,43.66,151.59,351.7,5.08,00:00:25.8573700
-3.11,0.87,3.29,43.66,151.59,351.7,5.08,00:00:25.8888140
-3.11,0.87,3.29,43.66,151.59,351.7,5.08,00:00:25.9227700
-3.11,0.87,3.29,43.66,151.59,351.7,5.08,00:00:25.9565600
-3.11,0.87,3.29,43.66,151.59,351.7,5.08,00:00:25.9885150
-3.11,0.87,3.29,43.66,151.59,351.7,5.08,00:00:26.0237790
-3.11,0.87,3.29,43.66,151.59,351.7,5.08,00:00:26.0557900
-3.11,0.87,3.29,43.66,151.59,351.7,5.08,00:00:26.0896730
-3.11,0.87,3.29,43.66,151.59,351.7,5.08,00:00:26.1223320
-3.11,0.87,3.29,43.66,151.59,351.7,5.08,00:00:26.1541410
-3.11,0.87,3.29,43.66,151.59,351.7,5.08,00:00:26.1912850
-3.11,0.87,3.29,43.66,151.59,351.7,5.08,00:00:26.2241600
-3.11,0.87,3.29,43.66,151.59,351.7,5.08,00:00:26.2541490
-3.11,0.87,3.29,43.66,151.59,351.7,5.08,00:00:26.2891610
-3.11,0.87,3.29,43.66,151.59,351.7,5.08,00:00:26.3222960
-3.11,0.87,3.29,43.66,151.59,351.7,5.08,00:00:26.3548660
-3.11,0.87,3.29,43.66,151.59,351.7,5.08,00:00:26.3995180
-3.11,0.87,3.29,43.66,151.59,351.7,5.08,00:00:26.4230840
-3.11,0.87,3.29,43.66,151.59,351.7,5.08,00:00:26.4545610
-3.11,0.87,3.29,43.66,151.59,351.7,5.08,00:00:26.4897450
-3.11,0.87,3.29,43.66,151.59,351.7,5.08,00:00:26.5239680
-3.11,0.87,3.29,43.66,151.59,351.7,5.08,00:00:26.5546820
-3.11,0.87,3.29,43.66,151.59,351.7,5.08,00:00:26.5898080
-3.11,0.87,3.29,43.66,151.59,351.7,5.08,00:00:26.6233100
-3.11,0.87,3.29,43.66,151.59,351.7,5.08,00:00:26.6543700
-3.11,0.87,3.29,43.66,151.59,351.7,5.08,00:00:26.6891700
-3.11,0.87,3.29,43.66,151.59,351.7,5.08,00:00:26.7258680
-3.11,0.87,3.29,43.66,151.59,351.7,5.08,00:00:26.7583160
-3.11,0.87,3.29,43.66,151.59,351.7,5.08,00:00:26.7986690
-3.11,0.87,3.29,43.66,151.59,351.7,5.08,00:00:26.8228690
-3.11,0.87,3.29,43.66,151.59,351.7,5.08,00:00:26.8539320
-3.11,0.87,3.29,43.66,151.59,351.7,5.08,00:00:26.8885920
-3.11,0.87,3.29,43.66,151.59,351.7,5.08,00:00:26.9226930
-3.11,0.87,3.29,43.66,151.59,351.7,5.08,00:00:26.9545040
-3.11,0.87,3.29,43.66,151.59,351.7,5.08,00:00:26.9889880
-3.11,0.87,3.29,43.66,151.59,351.7,5.08,00:00:27.0224520
-3.11,0.87,3.29,43.66,151.59,351.7,5.08,00:00:27.0552180
-3.11,0.87,3.29,43.66,151.59,351.7,5.08,00:00:27.0912650
-3.11,0.87,3.29,43.66,151.59,351.7,5.08,00:00:27.1215540
-3.11,0.87,3.29,43.66,151.59,351.7,5.08,00:00:27.1573620
-3.11,0.87,3.29,43.66,151.59,351.7,5.08,00:00:27.1948820
-3.11,0.87,3.29,43.66,151.59,351.7,5.08,00:00:27.2218570
-3.11,0.87,3.29,43.66,151.59,351.7,5.08,00:00:27.2546400
-3.07,0.93,2.8,29.62,165.69,355.33,4.76,00:00:27.2880070
-3.06,0.88,2.7,28.5,165.3,355.26,4.68,00:00:27.3219780
-3.06,0.88,2.67,28.71,165.12,355,4.65,00:00:27.3606350
-3.06,0.89,2.65,29.52,165.09,354.67,4.65,00:00:27.3950880
-3.07,0.9,2.61,29.09,164.59,353.77,4.64,00:00:27.4245740
-3.08,0.9,2.57,29.79,163.6,352.75,4.63,00:00:27.4560910
-3.09,0.91,2.54,32.02,162.69,351.2,4.62,00:00:27.4896360
-3.1,0.92,2.51,33.92,163.78,350.88,4.61,00:00:27.5269660
-3.12,0.93,2.47,33.67,166.41,351.56,4.61,00:00:27.5567870
-3.13,0.94,2.44,33.8,168.41,351.18,4.6,00:00:27.5987760
-3.14,0.94,2.42,34.73,169.59,350.04,4.61,00:00:27.6288680
-3.16,0.95,2.4,35.08,172.07,349.05,4.61,00:00:27.6559150
-3.18,0.94,2.38,34.52,176.29,349.21,4.61,00:00:27.6899740
-3.21,0.94,2.35,34.19,181.5,349.99,4.62,00:00:27.7236780
-3.23,0.94,2.33,34.03,186.87,350.71,4.62,00:00:27.7567240
-3.25,0.93,2.3,34.08,191.95,351.29,4.63,00:00:27.7888140
-3.28,0.93,2.28,33.86,196.75,351.87,4.64,00:00:27.8228380
-3.3,0.92,2.26,33.58,200.96,352.17,4.65,00:00:27.8566160
-3.33,0.92,2.25,33.34,204.68,352.25,4.66,00:00:27.8890140
-3.36,0.92,2.23,32.84,208.48,352.6,4.67,00:00:27.9225440
-3.39,0.92,2.21,32.01,212.74,353.34,4.69,00:00:27.9554640
-3.41,0.91,2.19,31.1,217.1,354.06,4.7,00:00:27.9994860
-3.44,0.91,2.18,30.6,221.17,354.5,4.72,00:00:28.0251510
-3.47,0.91,2.17,30.64,225.17,354.72,4.74,00:00:28.0552240
-3.5,0.92,2.16,30.06,229.32,354.87,4.76,00:00:28.0913950
-3.53,0.92,2.15,30.38,233.7,355.2,4.78,00:00:28.1251920
-3.56,0.92,2.14,31.19,238.49,355.81,4.8,00:00:28.1546840
-3.59,0.92,2.14,31.64,242.91,356.1,4.83,00:00:28.1887630
-3.62,0.92,2.14,32.29,245.93,355.57,4.85,00:00:28.2259460
-3.64,0.91,2.09,33.45,248.2,355.06,4.84,00:00:28.2577130
-3.67,0.91,2.09,34.29,250.55,354.7,4.86,00:00:28.2915460
-3.69,0.9,2.09,34.63,253.58,355.15,4.89,00:00:28.3280540
-3.72,0.89,2.09,34.65,256.51,355.91,4.91,00:00:28.3567640
-3.76,0.88,2.09,35.07,258.79,356.3,4.94,00:00:28.3904670
-3.79,0.87,2.09,35.57,260.6,356.27,4.96,00:00:28.4242660
-3.82,0.86,2.1,35.86,262.16,356.03,4.99,00:00:28.4581170
-3.85,0.86,2.1,36.07,263.3,355.52,5.02,00:00:28.4893170
-3.89,0.85,2.1,36.29,263.65,354.67,5.05,00:00:28.5256390
-3.92,0.85,2.11,36.46,263.43,353.71,5.08,00:00:28.5581120
-3.95,0.86,2.11,35.99,263.58,353.34,5.11,00:00:28.5914950
-3.98,0.86,2.12,34.33,263.35,353.29,5.14,00:00:28.6239180
-4.02,0.87,2.12,33.47,262.4,353.39,5.17,00:00:28.6549350
-4.02,0.87,2.12,33.47,262.4,353.39,5.17,00:00:28.6878800
-4.02,0.87,2.12,33.47,262.4,353.39,5.17,00:00:28.7233320
-4.02,0.87,2.12,33.47,262.4,353.39,5.17,00:00:28.7565170
-4.02,0.87,2.12,33.47,262.4,353.39,5.17,00:00:28.7887010
-4.02,0.87,2.12,33.47,262.4,353.39,5.17,00:00:28.8242140
-4.02,0.87,2.12,33.47,262.4,353.39,5.17,00:00:28.8559000
-4.02,0.87,2.12,33.47,262.4,353.39,5.17,00:00:28.8897670
-4.02,0.87,2.12,33.47,262.4,353.39,5.17,00:00:28.9227500
-4.02,0.87,2.12,33.47,262.4,353.39,5.17,00:00:28.9593860
-4.02,0.87,2.12,33.47,262.4,353.39,5.17,00:00:28.9898800
-4.02,0.87,2.12,33.47,262.4,353.39,5.17,00:00:29.0242580
-4.02,0.87,2.12,33.47,262.4,353.39,5.17,00:00:29.0555690
-4.02,0.87,2.12,33.47,262.4,353.39,5.17,00:00:29.0886910
-4.02,0.87,2.12,33.47,262.4,353.39,5.17,00:00:29.1230550
-4.02,0.87,2.12,33.47,262.4,353.39,5.17,00:00:29.1543090
-4.02,0.87,2.12,33.47,262.4,353.39,5.17,00:00:29.1889900
-4.02,0.87,2.12,33.47,262.4,353.39,5.17,00:00:29.2232650
-4.02,0.87,2.12,33.47,262.4,353.39,5.17,00:00:29.2553720
-4.02,0.87,2.12,33.47,262.4,353.39,5.17,00:00:29.2975090
-4.02,0.87,2.12,33.47,262.4,353.39,5.17,00:00:29.3238520
-4.02,0.87,2.12,33.47,262.4,353.39,5.17,00:00:29.3581070
-4.02,0.87,2.12,33.47,262.4,353.39,5.17,00:00:29.3930060
-4.02,0.87,2.12,33.47,262.4,353.39,5.17,00:00:29.4237130
-4.02,0.87,2.12,33.47,262.4,353.39,5.17,00:00:29.4551900
-4.02,0.87,2.12,33.47,262.4,353.39,5.17,00:00:29.4999090
-4.02,0.87,2.12,33.47,262.4,353.39,5.17,00:00:29.5232010
-4.02,0.87,2.12,33.47,262.4,353.39,5.17,00:00:29.5556670
-4.02,0.87,2.12,33.47,262.4,353.39,5.17,00:00:29.6081640
-4.02,0.87,2.12,33.47,262.4,353.39,5.17,00:00:29.6293450
-4.44,0.85,2.1,30.26,267.53,358.61,5.53,00:00:29.6563520
-4.43,0.84,2.1,29.42,267.48,358.98,5.52,00:00:29.7121470
-4.47,0.84,2.1,28.79,265.78,357.78,5.56,00:00:29.7259980
-4.5,0.85,2.09,30.12,263.52,356.28,5.59,00:00:29.7555260
-4.56,0.84,2.09,30.96,262.36,355.56,5.64,00:00:29.7971700
-4.6,0.85,2.09,30.42,263.24,356.6,5.67,00:00:29.8235860
-4.64,0.85,2.08,29.92,264.17,357.39,5.7,00:00:29.8580810
-4.62,0.86,2.08,30.35,264.47,357.29,5.69,00:00:29.9001350
-4.65,0.86,2.08,30.9,264.63,357.04,5.72,00:00:29.9243520
-4.69,0.86,2.08,31.28,264.89,357.16,5.75,00:00:29.9569420
-4.71,0.85,2.07,31.43,265.19,357.42,5.77,00:00:30.0001810
-4.75,0.85,2.07,31.24,265.24,357.64,5.8,00:00:30.0259920
-4.78,0.84,2.07,31.14,265.13,357.85,5.83,00:00:30.0563950
-4.82,0.83,2.07,30.9,265.08,358.33,5.86,00:00:30.1022290
-4.85,0.83,2.06,30.35,265.68,359.58,5.89,00:00:30.1233930
-4.89,0.82,2.06,29,266.54,1.18,5.92,00:00:30.1523960
-4.93,0.82,2.05,28.36,266.93,2.17,5.95,00:00:30.1877400
-4.95,0.83,2.05,28.94,266.92,2.76,5.97,00:00:30.2257510
-4.98,0.84,2.05,28.62,267.33,3.71,6,00:00:30.2567260
-5.02,0.84,2.04,27.33,267.29,4.28,6.04,00:00:30.2896620
-5.05,0.85,2.03,27.49,265.81,3.71,6.06,00:00:30.3234540
-5.07,0.86,2.02,28.92,263.17,2.64,6.08,00:00:30.3546280
-5.09,0.87,2.01,30.43,260.25,1.97,6.1,00:00:30.3898360
-5.12,0.88,1.99,30.78,257.26,2.3,6.12,00:00:30.4239130
-5.14,0.88,1.97,29.93,255.39,3.52,6.13,00:00:30.4543500
-5.16,0.89,1.95,29.08,252.48,4.18,6.14,00:00:30.4900810
-5.18,0.89,1.93,28.74,248.1,4.14,6.15,00:00:30.5241100
-5.2,0.89,1.91,28.66,242.97,3.81,6.17,00:00:30.5557060
-5.21,0.89,1.88,28.87,237.88,3.7,6.17,00:00:30.5887910
-5.23,0.89,1.86,28.88,232.7,3.73,6.18,00:00:30.6221170
-5.24,0.89,1.83,29.15,227.33,3.63,6.18,00:00:30.6561750
-5.25,0.88,1.81,29.85,221.89,3.4,6.18,00:00:30.6891240
-5.26,0.88,1.79,30.48,216.56,3.18,6.18,00:00:30.7204660
-5.27,0.87,1.76,30.64,211.44,3.05,6.18,00:00:30.7610200
-5.28,0.87,1.74,30.47,206.06,2.72,6.19,00:00:30.7862490
-5.28,0.87,1.72,30.33,200.41,2.05,6.19,00:00:30.8250190
-5.29,0.86,1.71,30.05,195.04,1.42,6.19,00:00:30.8555640
-5.3,0.86,1.69,30.23,190.59,1.54,6.19,00:00:30.8875230
-5.3,0.86,1.67,30.29,187.05,2.31,6.19,00:00:30.9239900
-5.31,0.86,1.65,30.74,182.18,1.81,6.19,00:00:30.9565270
-5.32,0.86,1.64,32.34,176.15,0.46,6.19,00:00:30.9879220
-5.32,0.86,1.62,33.6,171.37,0.17,6.19,00:00:31.0221410
-5.33,0.86,1.6,33.5,168.21,0.53,6.19,00:00:31.0563850
-5.33,0.87,1.58,33.04,165.67,0.28,6.19,00:00:31.0917740
-5.34,0.87,1.56,32.9,162.98,359.12,6.19,00:00:31.1276700
-5.34,0.86,1.54,33.11,160.37,357.63,6.19,00:00:31.1554860
-5.35,0.86,1.51,33.83,158.09,356.5,6.19,00:00:31.1869940
-5.35,0.85,1.49,34.52,156.31,356.06,6.18,00:00:31.2204340
-5.35,0.84,1.46,35.05,154.91,355.73,6.18,00:00:31.2544910
-5.36,0.83,1.43,35.64,153.72,355.14,6.17,00:00:31.2898770
-5.36,0.83,1.4,35.77,152.8,354.75,6.16,00:00:31.3240570
-5.44,0.8,1.36,35.84,152.09,354.22,6.23,00:00:31.3549570
-5.44,0.79,1.32,35.82,152.59,354.68,6.22,00:00:31.3873770
-5.45,0.79,1.27,35.24,153.78,355.4,6.21,00:00:31.4213840
-5.45,0.79,1.27,35.24,153.78,355.4,6.21,00:00:31.4542400
-5.45,0.79,1.27,35.24,153.78,355.4,6.21,00:00:31.4877880
-5.45,0.79,1.27,35.24,153.78,355.4,6.21,00:00:31.5261480
-5.45,0.79,1.27,35.24,153.78,355.4,6.21,00:00:31.5558370
-5.45,0.79,1.27,35.24,153.78,355.4,6.21,00:00:31.5897840
-5.45,0.79,1.27,35.24,153.78,355.4,6.21,00:00:31.6235230
-5.45,0.79,1.27,35.24,153.78,355.4,6.21,00:00:31.6559120
-5.45,0.79,1.27,35.24,153.78,355.4,6.21,00:00:31.6875080
-5.45,0.79,1.27,35.24,153.78,355.4,6.21,00:00:31.7259650
-5.45,0.79,1.27,35.24,153.78,355.4,6.21,00:00:31.7557800
-5.45,0.79,1.27,35.24,153.78,355.4,6.21,00:00:31.7885760
-5.45,0.79,1.27,35.24,153.78,355.4,6.21,00:00:31.8231320
-5.45,0.79,1.27,35.24,153.78,355.4,6.21,00:00:31.8535670
-5.45,0.79,1.27,35.24,153.78,355.4,6.21,00:00:31.8868590
-5.45,0.79,1.27,35.24,153.78,355.4,6.21,00:00:31.9248260
-5.45,0.79,1.27,35.24,153.78,355.4,6.21,00:00:31.9544410
-5.45,0.79,1.27,35.24,153.78,355.4,6.21,00:00:31.9874240
-5.45,0.79,1.27,35.24,153.78,355.4,6.21,00:00:32.0215070
-5.45,0.79,1.27,35.24,153.78,355.4,6.21,00:00:32.0544440
-5.45,0.79,1.27,35.24,153.78,355.4,6.21,00:00:32.1019630
-5.45,0.79,1.27,35.24,153.78,355.4,6.21,00:00:32.1198050
-5.45,0.79,1.27,35.24,153.78,355.4,6.21,00:00:32.1607700
-5.45,0.79,1.27,35.24,153.78,355.4,6.21,00:00:32.1990870
-5.45,0.79,1.27,35.24,153.78,355.4,6.21,00:00:32.2217950
-5.25,0.8,0.99,31.65,151.72,0.98,5.97,00:00:32.2591200
-5.22,0.8,0.91,30.89,150.85,359.81,5.93,00:00:32.2884140
-5.2,0.81,0.88,30.56,151.2,359.9,5.91,00:00:32.3224410
-5.18,0.82,0.85,30.91,151.52,359.43,5.89,00:00:32.3543030
-5.16,0.82,0.78,31.35,151.46,358.13,5.86,00:00:32.3886220
-5.15,0.82,0.74,31.98,152.02,357.95,5.84,00:00:32.4239570
-5.14,0.81,0.71,31.99,152.7,358.05,5.83,00:00:32.4560160
-5.13,0.8,0.68,31.86,153.89,359.18,5.81,00:00:32.4982410
-5.12,0.79,0.64,31.42,155.15,0.58,5.79,00:00:32.5299140
-5.1,0.78,0.6,31.09,156.17,1.73,5.77,00:00:32.5704060
-5.08,0.76,0.55,30.71,156.91,2.28,5.74,00:00:32.5925470
-5.07,0.76,0.51,30.19,157.59,2.48,5.72,00:00:32.6234990
-5.05,0.75,0.47,29.36,158.18,2.3,5.7,00:00:32.6545800
-5.02,0.75,0.41,28.62,158.48,1.58,5.67,00:00:32.6881560
-5.01,0.75,0.37,28.46,158.71,0.65,5.65,00:00:32.7223230
-4.99,0.75,0.33,28.06,159.67,0.47,5.63,00:00:32.7594130
-4.97,0.75,0.28,26.89,161.31,0.91,5.61,00:00:32.7880620
-4.96,0.76,0.25,25.96,162.67,0.74,5.6,00:00:32.8201180
-4.94,0.77,0.21,25.74,163.54,0.1,5.58,00:00:32.8675290
-4.93,0.78,0.18,26.12,163.97,359.66,5.57,00:00:32.8887630
-4.91,0.78,0.15,26.58,164.21,359.71,5.55,00:00:32.9217640
-4.9,0.79,0.12,27.12,164.34,0.24,5.54,00:00:32.9581760
-4.87,0.79,0.09,26.92,164.05,1.17,5.51,00:00:32.9885700
-4.85,0.8,0.06,26.85,162.48,1.72,5.5,00:00:33.0209520
-4.83,0.8,0.04,28.24,159.7,1.93,5.48,00:00:33.0543440
-4.81,0.8,0.02,30.79,156.06,1.92,5.45,00:00:33.0862360
-4.78,0.8,0,32.39,151.44,1.56,5.43,00:00:33.1230680
-4.76,0.79,-0.01,33.45,146.19,1.32,5.4,00:00:33.1533170
-4.73,0.79,-0.02,34.19,141.19,1.89,5.38,00:00:33.1893940
-4.71,0.78,-0.03,33.96,136.2,2.85,5.35,00:00:33.2289800
-4.68,0.78,-0.04,34.23,130.78,3.49,5.32,00:00:33.2537530
-4.65,0.78,-0.05,34.59,124.72,3.65,5.3,00:00:33.2856760
-4.63,0.77,-0.06,34.76,118.83,3.87,5.27,00:00:33.3214770
-4.6,0.77,-0.06,34.84,113.53,4.23,5.25,00:00:33.3537450
-4.58,0.76,-0.07,34.35,107.98,4.29,5.22,00:00:33.3900610
-4.56,0.76,-0.08,33.96,101.46,3.54,5.2,00:00:33.4207610
-4.54,0.76,-0.08,34.61,94.53,2.08,5.18,00:00:33.4544860
-4.51,0.76,-0.09,35.24,88.75,0.9,5.16,00:00:33.4877090
-4.5,0.75,-0.09,34.86,83.36,359.94,5.14,00:00:33.5213210
-4.48,0.75,-0.08,35.84,76.97,358.21,5.13,00:00:33.5535920
-4.47,0.76,-0.08,37.8,71.46,356.72,5.12,00:00:33.5984650
-4.45,0.76,-0.07,38.7,67.32,356.87,5.1,00:00:33.6222930
-4.44,0.76,-0.06,37.48,65.43,358.38,5.09,00:00:33.6557170
-4.42,0.76,-0.06,36.82,63.32,358.66,5.07,00:00:33.6869450
-4.4,0.76,-0.06,37.29,60.2,357.32,5.05,00:00:33.7214730
-4.39,0.75,-0.03,37.64,57.62,356.42,5.04,00:00:33.7559780
-4.37,0.75,-0.03,37.39,56.09,356.44,5.01,00:00:33.7871700
-4.34,0.74,-0.02,37.68,54.78,356.92,4.99,00:00:33.8199240
-4.31,0.73,-0.01,38.14,53.66,357.64,4.96,00:00:33.8536930
-4.28,0.72,-0.01,38.06,53.05,358.3,4.92,00:00:33.8959260
-4.25,0.71,0,38.07,52.48,358.4,4.89,00:00:33.9219030
-4.22,0.71,0.03,38.07,52.23,358.41,4.86,00:00:33.9549440
-4.18,0.71,0.04,37.58,52.23,358.11,4.82,00:00:33.9865410
-4.14,0.7,0.06,37,52.53,357.88,4.78,00:00:34.0208170
-4.1,0.7,0.07,36.48,53.3,358.12,4.74,00:00:34.0530430
-4.05,0.7,0.09,36.02,54.35,358.84,4.7,00:00:34.0939230
-4.01,0.7,0.11,35.76,55.63,359.75,4.66,00:00:34.1198190
-3.97,0.71,0.12,35.2,57.07,0.29,4.62,00:00:34.1538830
-3.92,0.72,0.14,34.63,58.3,0.11,4.58,00:00:34.1888000
-3.88,0.73,0.16,34.37,59.39,359.71,4.54,00:00:34.2203150
-3.88,0.73,0.16,34.37,59.39,359.71,4.54,00:00:34.2525210
-3.88,0.73,0.16,34.37,59.39,359.71,4.54,00:00:34.2897180
-3.88,0.73,0.16,34.37,59.39,359.71,4.54,00:00:34.3222290
-3.88,0.73,0.16,34.37,59.39,359.71,4.54,00:00:34.3528930
-3.88,0.73,0.16,34.37,59.39,359.71,4.54,00:00:34.4002950
-3.88,0.73,0.16,34.37,59.39,359.71,4.54,00:00:34.4243000
-3.88,0.73,0.16,34.37,59.39,359.71,4.54,00:00:34.4547480
-3.88,0.73,0.16,34.37,59.39,359.71,4.54,00:00:34.4873470
-3.88,0.73,0.16,34.37,59.39,359.71,4.54,00:00:34.5215210
-3.88,0.73,0.16,34.37,59.39,359.71,4.54,00:00:34.5543870
-3.88,0.73,0.16,34.37,59.39,359.71,4.54,00:00:34.5860110
-3.88,0.73,0.16,34.37,59.39,359.71,4.54,00:00:34.6214200
-3.88,0.73,0.16,34.37,59.39,359.71,4.54,00:00:34.6534580
-3.88,0.73,0.16,34.37,59.39,359.71,4.54,00:00:34.6901760
-3.88,0.73,0.16,34.37,59.39,359.71,4.54,00:00:34.7224110
-3.88,0.73,0.16,34.37,59.39,359.71,4.54,00:00:34.7544050
-3.88,0.73,0.16,34.37,59.39,359.71,4.54,00:00:34.7886700
-3.88,0.73,0.16,34.37,59.39,359.71,4.54,00:00:34.8237140
-3.88,0.73,0.16,34.37,59.39,359.71,4.54,00:00:34.8540640
-3.88,0.73,0.16,34.37,59.39,359.71,4.54,00:00:34.8876630
-3.88,0.73,0.16,34.37,59.39,359.71,4.54,00:00:34.9240290
-3.88,0.73,0.16,34.37,59.39,359.71,4.54,00:00:34.9539230
-3.88,0.73,0.16,34.37,59.39,359.71,4.54,00:00:34.9878220
-3.88,0.73,0.16,34.37,59.39,359.71,4.54,00:00:35.0217630
-3.88,0.73,0.16,34.37,59.39,359.71,4.54,00:00:35.0538820
-3.88,0.73,0.16,34.37,59.39,359.71,4.54,00:00:35.0886810
-3.88,0.73,0.16,34.37,59.39,359.71,4.54,00:00:35.1238320
-3.88,0.73,0.16,34.37,59.39,359.71,4.54,00:00:35.1533560
-3.88,0.73,0.16,34.37,59.39,359.71,4.54,00:00:35.1909100
-3.88,0.73,0.16,34.37,59.39,359.71,4.54,00:00:35.2225290
-3.88,0.73,0.16,34.37,59.39,359.71,4.54,00:00:35.2530050
-3.88,0.73,0.16,34.37,59.39,359.71,4.54,00:00:35.2886690
-3.88,0.73,0.16,34.37,59.39,359.71,4.54,00:00:35.3229610
-3.88,0.73,0.16,34.37,59.39,359.71,4.54,00:00:35.3524630
-3.88,0.73,0.16,34.37,59.39,359.71,4.54,00:00:35.3878600
-3.88,0.73,0.16,34.37,59.39,359.71,4.54,00:00:35.4216390
-3.88,0.73,0.16,34.37,59.39,359.71,4.54,00:00:35.4550240
-3.88,0.73,0.16,34.37,59.39,359.71,4.54,00:00:35.4945620
-3.88,0.73,0.16,34.37,59.39,359.71,4.54,00:00:35.5240350
-3.88,0.73,0.16,34.37,59.39,359.71,4.54,00:00:35.5542570
-3.88,0.73,0.16,34.37,59.39,359.71,4.54,00:00:35.5997480
-3.88,0.73,0.16,34.37,59.39,359.71,4.54,00:00:35.6264140
-3.88,0.73,0.16,34.37,59.39,359.71,4.54,00:00:35.6534430
-3.34,0.71,0.42,26.21,63.99,0.53,4.03,00:00:35.6866940
-3.3,0.67,0.43,26.78,63.4,0.49,3.99,00:00:35.7184430
-3.26,0.68,0.46,26.61,62.75,0.1,3.95,00:00:35.7556290
-3.19,0.68,0.49,27.04,60.73,358.58,3.9,00:00:35.7898040
-3.16,0.69,0.52,28.3,58.53,357.32,3.87,00:00:35.8191410
-3.12,0.7,0.54,28.8,57.89,357.56,3.84,00:00:35.8534080
-3.08,0.7,0.57,28.23,58.42,358.74,3.81,00:00:35.8892120
-3.02,0.71,0.6,28.08,58.65,359.49,3.76,00:00:35.9195200
-2.98,0.71,0.63,28.59,58.43,0.03,3.73,00:00:35.9539810
-2.94,0.71,0.65,28.78,57.83,0.1,3.69,00:00:35.9889580
-2.9,0.7,0.68,28.28,57.16,0.28,3.66,00:00:36.0243010
-2.86,0.7,0.7,27.28,56.99,0.95,3.62,00:00:36.0526980
-2.85,0.69,0.71,25.58,57.26,1.94,3.61,00:00:36.0987590
-2.8,0.68,0.73,24.04,57.57,2.71,3.57,00:00:36.1208020
-2.73,0.67,0.77,23.45,57.39,2.87,3.52,00:00:36.1549750
-2.69,0.67,0.8,24.02,57.12,2.54,3.48,00:00:36.1861040
-2.65,0.67,0.82,25.05,56.98,2.03,3.45,00:00:36.2218620
-2.61,0.67,0.85,26.03,57.26,1.45,3.42,00:00:36.2539980
-2.58,0.68,0.87,26.78,57.73,0.73,3.4,00:00:36.2877030
-2.54,0.68,0.89,28.21,58.31,0,3.37,00:00:36.3203970
-2.5,0.69,0.92,30.74,59.13,359.38,3.35,00:00:36.3535440
-2.47,0.7,0.93,32.22,60.18,359.42,3.32,00:00:36.3880820
-2.43,0.7,0.95,32.19,61.42,359.9,3.3,00:00:36.4208870
-2.38,0.71,0.98,32.2,62.08,0.36,3.26,00:00:36.4547450
-2.34,0.71,0.99,32.39,62.05,0.18,3.23,00:00:36.4869710
-2.3,0.71,1.01,32.05,61.88,359.84,3.21,00:00:36.5225510
-2.27,0.7,1.03,31.18,62.13,359.97,3.18,00:00:36.5541300
-2.23,0.7,1.05,29.99,62.64,0.48,3.15,00:00:36.5881880
-2.19,0.69,1.07,28.75,63.09,0.91,3.12,00:00:36.6232730
-2.15,0.68,1.09,27.92,63.46,0.92,3.09,00:00:36.6632260
-2.11,0.68,1.11,27.37,63.7,0.72,3.06,00:00:36.6878780
-2.07,0.67,1.13,26.67,63.82,0.6,3.03,00:00:36.7205750
-2.03,0.67,1.16,26.26,63.58,0.55,3.01,00:00:36.7564850
-1.99,0.68,1.18,25.53,62.87,0.32,2.99,00:00:36.7876240
-1.96,0.68,1.2,24.71,61.21,359.61,2.97,00:00:36.8188570
-1.93,0.69,1.23,25.29,58.91,358.52,2.96,00:00:36.8524070
-1.89,0.7,1.25,26.34,57.07,357.74,2.95,00:00:36.8854500
-1.86,0.7,1.27,26.97,56.42,358.13,2.93,00:00:36.9205620
-1.83,0.7,1.3,26.92,56.92,359.57,2.92,00:00:36.9526790
-1.8,0.7,1.32,27.15,57.31,0.71,2.9,00:00:36.9909240
-1.77,0.7,1.34,27.64,56.67,0.79,2.89,00:00:37.0222480
-1.74,0.69,1.36,27.74,55.9,0.78,2.87,00:00:37.0537780
-1.71,0.69,1.39,26.87,55.58,1.27,2.86,00:00:37.0872890
-1.68,0.68,1.41,25.82,55.18,1.64,2.84,00:00:37.1214300
-1.64,0.67,1.43,25.33,54.21,1.38,2.82,00:00:37.1546640
-1.61,0.67,1.45,25.06,52.92,0.65,2.81,00:00:37.1889830
-1.58,0.66,1.47,24.86,52.25,0.08,2.79,00:00:37.2217900
-1.59,0.7,1.5,24.78,52.7,0,2.83,00:00:37.2538690
-1.55,0.7,1.52,24.74,53.28,359.74,2.82,00:00:37.2875950
-1.52,0.71,1.54,24.21,54.98,0.2,2.81,00:00:37.3209820
-1.49,0.72,1.56,22.7,57.91,1.35,2.8,00:00:37.3524300
-1.46,0.73,1.58,21.49,60.57,2.15,2.79,00:00:37.3875450
-1.43,0.74,1.59,21.3,62.57,2.26,2.79,00:00:37.4208770
-1.4,0.75,1.61,21.94,65.04,2.3,2.78,00:00:37.4583690
-1.37,0.76,1.63,22.02,67.21,2.5,2.77,00:00:37.4906060
-1.34,0.76,1.64,21.68,68.56,2.51,2.76,00:00:37.5204400
-1.34,0.76,1.64,21.68,68.56,2.51,2.76,00:00:37.5516120
-1.34,0.76,1.64,21.68,68.56,2.51,2.76,00:00:37.5871860
-1.34,0.76,1.64,21.68,68.56,2.51,2.76,00:00:37.6209580
-1.34,0.76,1.64,21.68,68.56,2.51,2.76,00:00:37.6534630
-1.34,0.76,1.64,21.68,68.56,2.51,2.76,00:00:37.6896870
-1.34,0.76,1.64,21.68,68.56,2.51,2.76,00:00:37.7229920
-1.34,0.76,1.64,21.68,68.56,2.51,2.76,00:00:37.7546080
-1.34,0.76,1.64,21.68,68.56,2.51,2.76,00:00:37.8048530
-1.34,0.76,1.64,21.68,68.56,2.51,2.76,00:00:37.8282420
-1.34,0.76,1.64,21.68,68.56,2.51,2.76,00:00:37.8529640
-1.34,0.76,1.64,21.68,68.56,2.51,2.76,00:00:37.8855190
-1.34,0.76,1.64,21.68,68.56,2.51,2.76,00:00:37.9221390
-1.34,0.76,1.64,21.68,68.56,2.51,2.76,00:00:37.9535310
-1.34,0.76,1.64,21.68,68.56,2.51,2.76,00:00:37.9868830
-1.34,0.76,1.64,21.68,68.56,2.51,2.76,00:00:38.0205340
-1.34,0.76,1.64,21.68,68.56,2.51,2.76,00:00:38.0534390
-1.34,0.76,1.64,21.68,68.56,2.51,2.76,00:00:38.0890600
-1.34,0.76,1.64,21.68,68.56,2.51,2.76,00:00:38.1224670
-1.34,0.76,1.64,21.68,68.56,2.51,2.76,00:00:38.1544040
-1.34,0.76,1.64,21.68,68.56,2.51,2.76,00:00:38.1889640
-1.34,0.76,1.64,21.68,68.56,2.51,2.76,00:00:38.2208440
-1.34,0.76,1.64,21.68,68.56,2.51,2.76,00:00:38.2513670
-1.34,0.76,1.64,21.68,68.56,2.51,2.76,00:00:38.2978100
-1.34,0.76,1.64,21.68,68.56,2.51,2.76,00:00:38.3203810
-1.34,0.76,1.64,21.68,68.56,2.51,2.76,00:00:38.3524470
-1.34,0.76,1.64,21.68,68.56,2.51,2.76,00:00:38.3891930
-1.34,0.76,1.64,21.68,68.56,2.51,2.76,00:00:38.4192170
-1.34,0.76,1.64,21.68,68.56,2.51,2.76,00:00:38.4559240
-1.34,0.76,1.64,21.68,68.56,2.51,2.76,00:00:38.4887080
-0.94,0.73,1.77,23.93,71.52,6.11,2.59,00:00:38.5182590
-0.9,0.73,1.78,22.24,72.26,6.73,2.57,00:00:38.5516270
-0.71,0.69,1.86,25.49,72.37,6.88,2.52,00:00:38.5990600
-0.67,0.69,1.88,26.76,71.6,5.26,2.51,00:00:38.6196970
-0.59,0.68,1.9,27.95,69.79,3.15,2.49,00:00:38.6559530
-0.54,0.68,1.92,29.34,67.59,1.33,2.47,00:00:38.6892250
-0.49,0.67,1.93,29.28,65.27,359.96,2.46,00:00:38.7260030
-0.45,0.67,1.96,28.83,63.77,359.7,2.46,00:00:38.7562610
-0.4,0.66,1.98,28.82,62.63,359.4,2.46,00:00:38.7876210
-0.35,0.66,1.99,28.19,62.17,359.5,2.45,00:00:38.8235070
-0.3,0.65,2.02,27.54,61.81,359.98,2.45,00:00:38.8548080
-0.24,0.65,2.05,27.33,61.59,0.63,2.46,00:00:38.8879550
-0.19,0.65,2.07,26.15,60.99,0.92,2.46,00:00:38.9255780
-0.14,0.65,2.09,26.23,58.99,0.56,2.47,00:00:38.9557410
-0.09,0.66,2.12,27.47,56.1,0.1,2.48,00:00:38.9873470
-0.04,0.66,2.14,28.56,54.11,0.16,2.49,00:00:39.0254360
0.01,0.66,2.17,28.66,53.3,0.47,2.51,00:00:39.0553190
0.06,0.66,2.19,28.99,52.49,0.44,2.52,00:00:39.0882940
0.12,0.66,2.22,29.5,51.7,0.19,2.53,00:00:39.1220340
0.17,0.65,2.24,29.54,51.43,0.16,2.54,00:00:39.1539550
0.22,0.65,2.26,29.29,51.97,0.51,2.55,00:00:39.1894280
0.28,0.63,2.29,28.9,52.9,0.99,2.56,00:00:39.2214510
0.34,0.62,2.31,28.45,53.71,1.25,2.58,00:00:39.2521430
0.39,0.61,2.34,28.18,54.21,1.07,2.59,00:00:39.2894420
0.45,0.6,2.36,27.95,54.58,0.69,2.61,00:00:39.3203730
0.51,0.59,2.39,27.77,55.32,0.53,2.63,00:00:39.3518530
0.57,0.59,2.41,27.49,56.42,0.49,2.65,00:00:39.3878630
0.63,0.59,2.44,27.78,57.49,0.31,2.68,00:00:39.4215720
0.69,0.59,2.46,27.68,59.05,0.27,2.7,00:00:39.4539170
0.75,0.6,2.49,27.34,60.68,0.07,2.73,00:00:39.4931860
0.81,0.6,2.51,27.77,61.99,359.62,2.76,00:00:39.5227730
0.87,0.61,2.53,28.66,63.33,359.16,2.79,00:00:39.5574370
0.93,0.61,2.55,29.18,64.97,358.89,2.82,00:00:39.5956330
0.99,0.62,2.56,29.79,66.16,358.39,2.84,00:00:39.6195610
0.97,0.59,2.58,30.85,66.62,357.39,2.84,00:00:39.6535040
1.03,0.59,2.6,31.87,66.31,355.62,2.87,00:00:39.6868340
1.08,0.58,2.62,32.23,66.25,354.28,2.89,00:00:39.7184890
1.14,0.58,2.64,32.19,67.11,354.2,2.92,00:00:39.7536910
1.2,0.56,2.66,31.55,68.56,354.86,2.95,00:00:39.7858530
1.26,0.55,2.68,30.82,69.92,355.47,2.98,00:00:39.8205170
1.26,0.55,2.68,30.82,69.92,355.47,2.98,00:00:39.8523000
1.26,0.55,2.68,30.82,69.92,355.47,2.98,00:00:39.8973100
1.26,0.55,2.68,30.82,69.92,355.47,2.98,00:00:39.9220890
1.26,0.55,2.68,30.82,69.92,355.47,2.98,00:00:39.9531120
1.26,0.55,2.68,30.82,69.92,355.47,2.98,00:00:39.9868600
1.26,0.55,2.68,30.82,69.92,355.47,2.98,00:00:40.0203520
1.26,0.55,2.68,30.82,69.92,355.47,2.98,00:00:40.0536110
1.26,0.55,2.68,30.82,69.92,355.47,2.98,00:00:40.0873130
1.26,0.55,2.68,30.82,69.92,355.47,2.98,00:00:40.1202840
1.26,0.55,2.68,30.82,69.92,355.47,2.98,00:00:40.1529310
1.26,0.55,2.68,30.82,69.92,355.47,2.98,00:00:40.1855120
1.26,0.55,2.68,30.82,69.92,355.47,2.98,00:00:40.2197900
1.26,0.55,2.68,30.82,69.92,355.47,2.98,00:00:40.2514180
1.26,0.55,2.68,30.82,69.92,355.47,2.98,00:00:40.2865830
1.26,0.55,2.68,30.82,69.92,355.47,2.98,00:00:40.3206770
1.26,0.55,2.68,30.82,69.92,355.47,2.98,00:00:40.3531290
1.26,0.55,2.68,30.82,69.92,355.47,2.98,00:00:40.3866170
1.26,0.55,2.68,30.82,69.92,355.47,2.98,00:00:40.4351410
1.26,0.55,2.68,30.82,69.92,355.47,2.98,00:00:40.4631260
1.26,0.55,2.68,30.82,69.92,355.47,2.98,00:00:40.4989400
1.26,0.55,2.68,30.82,69.92,355.47,2.98,00:00:40.5281220
1.26,0.55,2.68,30.82,69.92,355.47,2.98,00:00:40.5527510
1.36,0.58,2.81,22.78,66.5,4.13,3.13,00:00:40.5997020
1.47,0.59,2.87,21.58,66.99,4.87,3.22,00:00:40.6331150
1.49,0.59,2.88,20.8,67.05,5.98,3.24,00:00:40.6782270
1.54,0.6,2.92,20.57,66.24,6.99,3.29,00:00:40.7014020
1.55,0.6,2.94,20.21,64.5,8.07,3.32,00:00:40.7232410
1.57,0.61,2.96,19.78,62.03,9.04,3.34,00:00:40.7504620
1.58,0.6,2.99,20.44,58.38,9,3.37,00:00:40.8002890
1.59,0.6,3.01,21.39,53.61,9.02,3.39,00:00:40.8223780
1.59,0.6,3.04,22.74,48.39,9.39,3.41,00:00:40.8521570
1.6,0.59,3.07,23.8,43.3,10.3,3.44,00:00:40.9000410
1.59,0.58,3.09,24.01,37.72,11.24,3.46,00:00:40.9225520
1.59,0.57,3.11,25.03,31.53,11.36,3.47,00:00:40.9529520
1.57,0.56,3.13,26.4,24.94,10.74,3.48,00:00:40.9892740
1.56,0.56,3.15,27.64,18.14,9.82,3.49,00:00:41.0204220
1.55,0.55,3.17,28.78,11.83,9.12,3.5,00:00:41.0533970
1.53,0.54,3.18,29.61,6.16,8.7,3.51,00:00:41.0838830
1.52,0.54,3.19,30.42,0.4,8.03,3.51,00:00:41.1211540
1.52,0.53,3.21,31.98,354.36,7.05,3.53,00:00:41.1505080
1.51,0.53,3.22,33.13,348.65,6.45,3.54,00:00:41.1886290
1.51,0.53,3.23,33.73,343.84,6.55,3.55,00:00:41.2223250
1.5,0.53,3.24,34.02,339.2,6.41,3.55,00:00:41.2539190
1.49,0.52,3.25,34.03,334.35,5.33,3.56,00:00:41.2916660
1.49,0.52,3.27,33.77,330.14,4.23,3.57,00:00:41.3221640
1.49,0.52,3.29,33.12,326.66,3.29,3.59,00:00:41.3516990
1.5,0.52,3.31,32.49,323.76,2.22,3.61,00:00:41.3851170
1.5,0.52,3.33,32.5,321.81,1.5,3.63,00:00:41.4191220
1.51,0.51,3.35,32.2,321.39,1.7,3.65,00:00:41.4527140
1.51,0.51,3.38,31.58,321.41,1.73,3.68,00:00:41.4863260
1.52,0.52,3.4,31.55,319.78,359.69,3.7,00:00:41.5208360
1.53,0.52,3.43,31.85,316.62,356.11,3.73,00:00:41.5595030
1.54,0.52,3.46,31.37,314.75,353.77,3.76,00:00:41.5910280
1.54,0.53,3.48,30.36,315.59,353.93,3.79,00:00:41.6280500
1.55,0.53,3.5,29.82,317.5,354.59,3.81,00:00:41.6532900
1.55,0.53,3.53,29.36,319.22,354.29,3.83,00:00:41.6858380
1.56,0.53,3.56,29.32,321.14,353.37,3.86,00:00:41.7191070
1.56,0.52,3.59,29.68,323.78,352.45,3.89,00:00:41.7515920
1.56,0.51,3.64,30.61,326.95,351.65,3.93,00:00:41.7868040
1.57,0.51,3.67,31.61,330.09,350.45,3.97,00:00:41.8193500
1.58,0.5,3.7,32.57,333.34,349.31,4,00:00:41.8539190
1.59,0.5,3.74,33.37,336.99,348.67,4.03,00:00:41.8857470
1.6,0.49,3.77,33.57,340.88,348.43,4.06,00:00:41.9166300
1.62,0.49,3.8,33.38,344.68,348.11,4.09,00:00:41.9533630
1.63,0.48,3.83,33.54,348.61,347.93,4.13,00:00:41.9887630
1.65,0.48,3.87,33.6,353,348.13,4.16,00:00:42.0217770
1.66,0.47,3.9,33.27,357.61,348.5,4.19,00:00:42.0528750
1.68,0.47,3.93,32.63,2.72,349.38,4.23,00:00:42.0851320
1.7,0.46,3.96,31.61,7.79,350.23,4.26,00:00:42.1201690
1.72,0.45,3.99,31.18,12.48,351.01,4.29,00:00:42.1534270
1.74,0.45,4.01,31.25,17.9,352.61,4.32,00:00:42.1860250
1.76,0.45,4.03,31.74,23.31,354.22,4.35,00:00:42.2199140
1.78,0.45,4.05,33.9,27.82,355.11,4.37,00:00:42.2601850
1.81,0.45,4.07,35.27,31.51,355.14,4.39,00:00:42.2870240
1.83,0.46,4.09,35.63,34.23,354.45,4.42,00:00:42.3200690
1.85,0.46,4.1,36.59,35.9,353.03,4.44,00:00:42.3539140
1.87,0.46,4.12,38.05,37.09,351.89,4.45,00:00:42.3894690
1.89,0.46,4.13,38.73,39.31,351.65,4.47,00:00:42.4215330
1.92,0.45,4.14,37.81,43.46,353.25,4.5,00:00:42.4540850
1.95,0.44,4.16,36.86,48,355.37,4.52,00:00:42.4890930
1.97,0.44,4.17,36.49,51.97,357.12,4.54,00:00:42.5216310
2,0.43,4.17,36.17,55.06,357.87,4.54,00:00:42.5541240
2.03,0.43,4.19,35.85,57.03,357.56,4.57,00:00:42.5865330
2.06,0.42,4.2,35.78,58.18,356.81,4.59,00:00:42.6202330
2.09,0.41,4.22,35.36,59.19,356.45,4.61,00:00:42.6528630
2.13,0.4,4.24,34.67,60.14,356.56,4.64,00:00:42.6866950
2.16,0.39,4.26,34.47,60.64,356.86,4.67,00:00:42.7192870
2.21,0.39,4.28,34.47,60.74,357.14,4.7,00:00:42.7526220
2.25,0.39,4.3,34.48,60.49,356.97,4.74,00:00:42.7845220
2.29,0.39,4.32,34.68,60.15,356.51,4.77,00:00:42.8179620
2.33,0.39,4.34,33.78,60.31,356.63,4.8,00:00:42.8503190
2.33,0.39,4.34,33.78,60.31,356.63,4.8,00:00:42.8851970
2.33,0.39,4.34,33.78,60.31,356.63,4.8,00:00:42.9206650
2.33,0.39,4.34,33.78,60.31,356.63,4.8,00:00:42.9550750
2.33,0.39,4.34,33.78,60.31,356.63,4.8,00:00:42.9856520
2.33,0.39,4.34,33.78,60.31,356.63,4.8,00:00:43.0193380
2.33,0.39,4.34,33.78,60.31,356.63,4.8,00:00:43.0523710
2.33,0.39,4.34,33.78,60.31,356.63,4.8,00:00:43.0871610
2.33,0.39,4.34,33.78,60.31,356.63,4.8,00:00:43.1214530
2.33,0.39,4.34,33.78,60.31,356.63,4.8,00:00:43.1528140
2.33,0.39,4.34,33.78,60.31,356.63,4.8,00:00:43.1872710
2.33,0.39,4.34,33.78,60.31,356.63,4.8,00:00:43.2232220
2.33,0.39,4.34,33.78,60.31,356.63,4.8,00:00:43.2509050
2.33,0.39,4.34,33.78,60.31,356.63,4.8,00:00:43.2846510
2.33,0.39,4.34,33.78,60.31,356.63,4.8,00:00:43.3193460
2.33,0.39,4.34,33.78,60.31,356.63,4.8,00:00:43.3527250
2.33,0.39,4.34,33.78,60.31,356.63,4.8,00:00:43.3855890
2.33,0.39,4.34,33.78,60.31,356.63,4.8,00:00:43.4205710
2.33,0.39,4.34,33.78,60.31,356.63,4.8,00:00:43.4533710
2.33,0.39,4.34,33.78,60.31,356.63,4.8,00:00:43.4985750
2.33,0.39,4.34,33.78,60.31,356.63,4.8,00:00:43.5261850
2.33,0.39,4.34,33.78,60.31,356.63,4.8,00:00:43.5511030
2.33,0.39,4.34,33.78,60.31,356.63,4.8,00:00:43.5853380
2.33,0.39,4.34,33.78,60.31,356.63,4.8,00:00:43.6183150
2.33,0.39,4.34,33.78,60.31,356.63,4.8,00:00:43.6514480
2.33,0.39,4.34,33.78,60.31,356.63,4.8,00:00:43.6912290
2.33,0.39,4.34,33.78,60.31,356.63,4.8,00:00:43.7224190
2.33,0.39,4.34,33.78,60.31,356.63,4.8,00:00:43.7499520
2.33,0.39,4.34,33.78,60.31,356.63,4.8,00:00:43.7865160
2.33,0.39,4.34,33.78,60.31,356.63,4.8,00:00:43.8220290
2.33,0.39,4.34,33.78,60.31,356.63,4.8,00:00:43.8525960
2.33,0.39,4.34,33.78,60.31,356.63,4.8,00:00:43.8865390
2.33,0.39,4.34,33.78,60.31,356.63,4.8,00:00:43.9329830
2.33,0.39,4.34,33.78,60.31,356.63,4.8,00:00:43.9554390
2.33,0.39,4.34,33.78,60.31,356.63,4.8,00:00:43.9889420
2.33,0.39,4.34,33.78,60.31,356.63,4.8,00:00:44.0205150
2.33,0.39,4.34,33.78,60.31,356.63,4.8,00:00:44.0519260
2.33,0.39,4.34,33.78,60.31,356.63,4.8,00:00:44.0854280
2.33,0.39,4.34,33.78,60.31,356.63,4.8,00:00:44.1200930
2.33,0.39,4.34,33.78,60.31,356.63,4.8,00:00:44.1520430
2.33,0.39,4.34,33.78,60.31,356.63,4.8,00:00:44.1842240
2.33,0.39,4.34,33.78,60.31,356.63,4.8,00:00:44.2216020
2.33,0.39,4.34,33.78,60.31,356.63,4.8,00:00:44.2507570
2.33,0.39,4.34,33.78,60.31,356.63,4.8,00:00:44.2837460
2.33,0.39,4.34,33.78,60.31,356.63,4.8,00:00:44.3196140
2.33,0.39,4.34,33.78,60.31,356.63,4.8,00:00:44.3507760
2.33,0.39,4.34,33.78,60.31,356.63,4.8,00:00:44.3832360
2.33,0.39,4.34,33.78,60.31,356.63,4.8,00:00:44.4187180
2.33,0.39,4.34,33.78,60.31,356.63,4.8,00:00:44.4517930
2.33,0.39,4.34,33.78,60.31,356.63,4.8,00:00:44.4842540
2.33,0.39,4.34,33.78,60.31,356.63,4.8,00:00:44.5178820
2.33,0.39,4.34,33.78,60.31,356.63,4.8,00:00:44.5512020
2.33,0.39,4.34,33.78,60.31,356.63,4.8,00:00:44.5889050
2.33,0.39,4.34,33.78,60.31,356.63,4.8,00:00:44.6186810
2.33,0.39,4.34,33.78,60.31,356.63,4.8,00:00:44.6524020
2.33,0.39,4.34,33.78,60.31,356.63,4.8,00:00:44.6889210
2.33,0.39,4.34,33.78,60.31,356.63,4.8,00:00:44.7202380
2.33,0.39,4.34,33.78,60.31,356.63,4.8,00:00:44.7496950
2.33,0.39,4.34,33.78,60.31,356.63,4.8,00:00:44.7848810
2.33,0.39,4.34,33.78,60.31,356.63,4.8,00:00:44.8208270
2.33,0.39,4.34,33.78,60.31,356.63,4.8,00:00:44.8522510
2.33,0.39,4.34,33.78,60.31,356.63,4.8,00:00:44.8864960
2.33,0.39,4.34,33.78,60.31,356.63,4.8,00:00:44.9184960
2.33,0.39,4.34,33.78,60.31,356.63,4.8,00:00:44.9535530
2.33,0.39,4.34,33.78,60.31,356.63,4.8,00:00:44.9894270
2.33,0.39,4.34,33.78,60.31,356.63,4.8,00:00:45.0221350
2.33,0.39,4.34,33.78,60.31,356.63,4.8,00:00:45.0504680
2.31,0.37,4.45,27.07,3.07,359.93,4.89,00:00:45.0857910
2.3,0.35,4.54,27.39,358,358.71,4.97,00:00:45.1181320
2.31,0.33,4.56,27.32,355.47,359.56,5,00:00:45.1509020
2.32,0.33,4.58,25.89,353.14,0.39,5.01,00:00:45.1843120
2.33,0.32,4.6,25.92,350.39,359.68,5.04,00:00:45.2205110
2.34,0.32,4.61,26.79,347.71,358.01,5.05,00:00:45.2522020
2.36,0.31,4.64,27.73,345.64,356.49,5.07,00:00:45.2849380
2.36,0.31,4.64,28.76,344.18,355.23,5.07,00:00:45.3221920
2.38,0.3,4.66,29.1,343.58,354.66,5.1,00:00:45.3530800
2.4,0.29,4.69,29.78,344,354.87,5.14,00:00:45.3877990
2.43,0.28,4.72,30.24,345.01,355.35,5.17,00:00:45.4201970
2.42,0.29,4.72,30.38,346.54,356.39,5.17,00:00:45.4531450
2.44,0.28,4.75,30.18,348.77,357.07,5.21,00:00:45.4877290
2.47,0.27,4.79,30.08,351.22,357.56,5.25,00:00:45.5191270
2.5,0.26,4.83,30.52,353.56,357.61,5.3,00:00:45.5522290
2.53,0.26,4.88,31.18,356.17,357.68,5.35,00:00:45.5850540
2.56,0.26,4.92,31.38,359.66,358.44,5.4,00:00:45.6196690
2.59,0.26,4.96,30.75,3.25,359.03,5.46,00:00:45.6517480
2.63,0.27,5,30.38,5.84,358.7,5.51,00:00:45.6858750
2.66,0.28,5.04,30.24,7.79,358.35,5.56,00:00:45.7184230
2.69,0.28,5.08,30.23,9.72,358.4,5.61,00:00:45.7509110
2.72,0.29,5.12,30.29,11.99,358.69,5.66,00:00:45.7860930
2.75,0.29,5.17,30.16,14.34,359.05,5.7,00:00:45.8212170
2.78,0.28,5.21,30.08,15.88,359.06,5.75,00:00:45.8549220
2.81,0.28,5.25,29.98,16.75,358.68,5.8,00:00:45.8861410
2.84,0.27,5.29,29.81,17.33,358.38,5.85,00:00:45.9192810
2.87,0.26,5.33,29.75,17.79,358.46,5.91,00:00:45.9513970
2.91,0.25,5.38,29.37,18.23,358.83,5.96,00:00:45.9858190
2.94,0.24,5.43,28.86,18.73,359.07,6.01,00:00:46.0223020
2.97,0.23,5.47,28.12,18.95,358.9,6.07,00:00:46.0612140
3.01,0.22,5.52,27.46,18.96,358.43,6.12,00:00:46.0841530
3.04,0.22,5.57,27.08,18.8,357.76,6.18,00:00:46.1164400
3.07,0.21,5.62,27.55,18.73,357.17,6.24,00:00:46.1521950
3.1,0.22,5.67,27.09,19.15,356.99,6.29,00:00:46.1841290
3.14,0.22,5.71,26.45,18.97,356.54,6.35,00:00:46.2166540
3.14,0.22,5.71,26.45,18.97,356.54,6.35,00:00:46.2512110
3.14,0.22,5.71,26.45,18.97,356.54,6.35,00:00:46.2859290
3.14,0.22,5.71,26.45,18.97,356.54,6.35,00:00:46.3194490
3.14,0.22,5.71,26.45,18.97,356.54,6.35,00:00:46.3512520
3.14,0.22,5.71,26.45,18.97,356.54,6.35,00:00:46.3854690
3.14,0.22,5.71,26.45,18.97,356.54,6.35,00:00:46.4179110
3.14,0.22,5.71,26.45,18.97,356.54,6.35,00:00:46.4506600
3.14,0.22,5.71,26.45,18.97,356.54,6.35,00:00:46.4862190
3.14,0.22,5.71,26.45,18.97,356.54,6.35,00:00:46.5234340
3.14,0.22,5.71,26.45,18.97,356.54,6.35,00:00:46.5515440
3.14,0.22,5.71,26.45,18.97,356.54,6.35,00:00:46.5855580
3.14,0.22,5.71,26.45,18.97,356.54,6.35,00:00:46.6210020
3.14,0.22,5.71,26.45,18.97,356.54,6.35,00:00:46.6510870
3.14,0.22,5.71,26.45,18.97,356.54,6.35,00:00:46.6837090
3.14,0.22,5.71,26.45,18.97,356.54,6.35,00:00:46.7194120
3.14,0.22,5.71,26.45,18.97,356.54,6.35,00:00:46.7492170
3.14,0.22,5.71,26.45,18.97,356.54,6.35,00:00:46.7839150
3.14,0.22,5.71,26.45,18.97,356.54,6.35,00:00:46.8234150
3.14,0.22,5.71,26.45,18.97,356.54,6.35,00:00:46.8519690
3.14,0.22,5.71,26.45,18.97,356.54,6.35,00:00:46.8843870
3.14,0.22,5.71,26.45,18.97,356.54,6.35,00:00:46.9188770
3.14,0.22,5.71,26.45,18.97,356.54,6.35,00:00:46.9496020
3.14,0.22,5.71,26.45,18.97,356.54,6.35,00:00:46.9836660
3.14,0.22,5.71,26.45,18.97,356.54,6.35,00:00:47.0169630
3.14,0.22,5.71,26.45,18.97,356.54,6.35,00:00:47.0516560
3.14,0.22,5.71,26.45,18.97,356.54,6.35,00:00:47.0850180
3.14,0.22,5.71,26.45,18.97,356.54,6.35,00:00:47.1165800
3.14,0.22,5.71,26.45,18.97,356.54,6.35,00:00:47.1522810
3.14,0.22,5.71,26.45,18.97,356.54,6.35,00:00:47.2019020
3.14,0.22,5.71,26.45,18.97,356.54,6.35,00:00:47.2172440
3.18,0.22,6.1,25.21,15.74,358.13,6.72,00:00:47.2489570
3.21,0.2,6.14,25.99,13.61,356.54,6.77,00:00:47.2836400
3.22,0.2,6.18,27.23,11.46,356.06,6.81,00:00:47.3165900
3.23,0.21,6.22,27.46,10.11,355.99,6.85,00:00:47.3499740
3.24,0.22,6.26,26.58,10.21,356.53,6.89,00:00:47.3834160
3.23,0.24,6.25,26.11,10.96,357.21,6.88,00:00:47.4169360
3.24,0.24,6.29,26.62,11.54,357.29,6.92,00:00:47.4521940
3.25,0.23,6.33,27.17,12.1,357.43,6.96,00:00:47.4869160
3.26,0.22,6.37,26.65,12.67,358.35,7,00:00:47.5180190
3.28,0.21,6.42,25.71,13.19,359.48,7.05,00:00:47.5494490
3.29,0.2,6.46,24.54,13.4,0.09,7.09,00:00:47.5892860
3.3,0.2,6.51,23.58,13.24,0.14,7.14,00:00:47.6304640
3.31,0.19,6.55,22.79,13.6,0.26,7.18,00:00:47.6520800
3.33,0.18,6.62,22.08,14.41,0.46,7.25,00:00:47.6889770
3.34,0.18,6.66,22.29,14.81,0.51,7.3,00:00:47.7222810
3.36,0.18,6.71,23.25,15.1,0.67,7.34,00:00:47.7491870
3.37,0.19,6.75,22.84,15.76,1.02,7.38,00:00:47.7854070
3.39,0.2,6.79,22.65,16.64,1.06,7.43,00:00:47.8192220
3.4,0.21,6.83,22.78,16.97,0.61,7.47,00:00:47.8550170
3.42,0.22,6.89,23.66,16.77,359.98,7.54,00:00:47.8914720
3.44,0.23,6.93,24.12,17.13,0.03,7.58,00:00:47.9194090
3.45,0.24,6.96,23.6,17.69,0.54,7.62,00:00:47.9493010
3.47,0.24,7,23.99,17.87,0.69,7.66,00:00:47.9866510
3.48,0.24,7.03,24.56,17.67,0.36,7.69,00:00:48.0170190
3.5,0.24,7.08,24.92,17.56,359.83,7.74,00:00:48.0509480
3.51,0.23,7.12,24.98,17.82,359.52,7.78,00:00:48.0885570
3.53,0.22,7.16,25.04,18.34,359.54,7.83,00:00:48.1210810
3.55,0.21,7.21,24.91,18.73,359.67,7.88,00:00:48.1508600
3.57,0.2,7.25,24.76,18.66,359.8,7.93,00:00:48.1856070
3.59,0.19,7.3,24.68,18.09,359.73,7.97,00:00:48.2178960
3.61,0.19,7.34,24.87,17.09,359.44,8.02,00:00:48.2515170
3.62,0.19,7.38,25.78,16.19,359.52,8.07,00:00:48.2836150
3.64,0.19,7.43,25.03,16.03,0.16,8.11,00:00:48.3189830
3.65,0.2,7.47,24.61,15.21,0.02,8.16,00:00:48.3546450
3.67,0.21,7.51,25.63,13.72,359.24,8.2,00:00:48.3888850
3.68,0.22,7.55,26.06,13.06,359.1,8.25,00:00:48.4181160
3.69,0.22,7.6,25.75,13.23,359.62,8.29,00:00:48.4527470
3.7,0.22,7.64,26.2,13.2,359.89,8.33,00:00:48.4842820
3.72,0.22,7.68,27.12,12.91,359.89,8.38,00:00:48.5195770
3.73,0.22,7.72,27.36,12.77,0.22,8.42,00:00:48.5521750
3.74,0.21,7.76,27.37,12.69,1.02,8.46,00:00:48.5851160
3.76,0.2,7.8,27.39,12.33,1.81,8.51,00:00:48.6208190
3.78,0.19,7.85,27.24,11.53,2.14,8.55,00:00:48.6514960
3.79,0.18,7.89,27.08,10.73,2.15,8.6,00:00:48.6921170
3.81,0.17,7.94,26.83,10.53,2.32,8.65,00:00:48.7193750
3.82,0.17,7.99,26.26,11.1,2.52,8.7,00:00:48.7511170
3.84,0.17,8.03,25.44,11.85,2.25,8.75,00:00:48.7897260
3.86,0.17,8.08,25.39,12.33,1.49,8.8,00:00:48.8173570
3.87,0.18,8.13,25.28,12.9,0.99,8.85,00:00:48.8511390
3.89,0.18,8.18,24.37,13.87,0.82,8.9,00:00:48.8885210
3.91,0.19,8.22,24.24,14.84,0.55,8.94,00:00:48.9190440
3.92,0.2,8.26,24.84,15.93,0.38,8.99,00:00:48.9507540
3.94,0.21,8.31,24.86,18.21,1.15,9.04,00:00:48.9844990
3.96,0.21,8.35,24.04,20.7,2.14,9.09,00:00:49.0159720
3.96,0.21,8.35,24.04,20.7,2.14,9.09,00:00:49.0487910
3.96,0.21,8.35,24.04,20.7,2.14,9.09,00:00:49.0848150
3.96,0.21,8.35,24.04,20.7,2.14,9.09,00:00:49.1184570
3.96,0.21,8.35,24.04,20.7,2.14,9.09,00:00:49.1510180
3.96,0.21,8.35,24.04,20.7,2.14,9.09,00:00:49.1907140
3.96,0.21,8.35,24.04,20.7,2.14,9.09,00:00:49.2203780
3.96,0.21,8.35,24.04,20.7,2.14,9.09,00:00:49.2516420
3.96,0.21,8.35,24.04,20.7,2.14,9.09,00:00:49.2886160
3.96,0.21,8.35,24.04,20.7,2.14,9.09,00:00:49.3208350
3.96,0.21,8.35,24.04,20.7,2.14,9.09,00:00:49.3501400
3.96,0.21,8.35,24.04,20.7,2.14,9.09,00:00:49.3839490
3.96,0.21,8.35,24.04,20.7,2.14,9.09,00:00:49.4188750
3.96,0.21,8.35,24.04,20.7,2.14,9.09,00:00:49.4491450
3.96,0.21,8.35,24.04,20.7,2.14,9.09,00:00:49.4831780
3.96,0.21,8.35,24.04,20.7,2.14,9.09,00:00:49.5154380
3.96,0.21,8.35,24.04,20.7,2.14,9.09,00:00:49.5503380
3.96,0.21,8.35,24.04,20.7,2.14,9.09,00:00:49.5854430
3.96,0.21,8.35,24.04,20.7,2.14,9.09,00:00:49.6212450
3.96,0.21,8.35,24.04,20.7,2.14,9.09,00:00:49.6510430
3.96,0.23,8.84,21.22,10.42,2.51,9.55,00:00:49.6875730
3.98,0.2,8.91,22.04,10.47,2.82,9.62,00:00:49.7196760
3.99,0.18,8.91,21.95,9.98,2.48,9.62,00:00:49.7528530
4,0.17,8.96,21.77,9.42,2.63,9.66,00:00:49.7834570
4,0.16,9,21.63,9.07,2.77,9.7,00:00:49.8149590
4.01,0.16,9.05,21.32,9.31,2.99,9.75,00:00:49.8504150
4.02,0.16,9.09,21.11,9.92,3.04,9.79,00:00:49.8836450
4.03,0.15,9.13,22.01,10.19,2.65,9.83,00:00:49.9265610
4.03,0.15,9.17,22.56,10.57,2.51,9.87,00:00:49.9556450
4.04,0.15,9.21,22.87,11.08,2.41,9.91,00:00:49.9859630
4.05,0.16,9.25,22.78,11.93,2.47,9.95,00:00:50.0160830
4.06,0.17,9.29,22.58,12.89,2.74,9.99,00:00:50.0511830
4.07,0.17,9.31,22.59,13.79,2.99,10.02,00:00:50.0884870
4.08,0.18,9.35,22.32,14.21,2.86,10.05,00:00:50.1172600
4.1,0.18,9.38,22.24,14.61,2.59,10.09,00:00:50.1525310
4.11,0.19,9.42,22.65,15.08,2.19,10.13,00:00:50.1834170
4.12,0.19,9.45,23.15,14.99,1.23,10.16,00:00:50.2149570
4.13,0.19,9.49,23.49,14.44,359.95,10.2,00:00:50.2503830
4.14,0.18,9.53,23.78,14.29,359.18,10.25,00:00:50.2864830
4.15,0.17,9.57,23.62,14.57,359.28,10.29,00:00:50.3156260
4.16,0.17,9.61,23.62,14.83,359.7,10.33,00:00:50.3506850
4.17,0.16,9.65,23.58,14.78,0.18,10.37,00:00:50.3847520
4.18,0.15,9.69,23.13,14.57,0.59,10.41,00:00:50.4189590
4.19,0.15,9.73,22.84,14.11,0.74,10.45,00:00:50.4489730
4.2,0.14,9.77,23.62,13.07,0.39,10.49,00:00:50.4817410
4.21,0.14,9.81,24.48,11.98,0.01,10.53,00:00:50.5151280
4.22,0.14,9.85,23.87,11.31,359.84,10.57,00:00:50.5585180
4.23,0.15,9.9,23.85,9.88,358.91,10.62,00:00:50.5848310
4.24,0.15,9.94,25.93,7.79,357.83,10.66,00:00:50.6174350
4.24,0.15,9.97,27.52,6.87,357.96,10.69,00:00:50.6510630
4.25,0.15,10.02,27.13,7.34,359.04,10.74,00:00:50.6853040
4.26,0.15,10.05,27.61,7.43,359.58,10.77,00:00:50.7182800
4.26,0.15,10.08,29.71,7.19,359.59,10.81,00:00:50.7524390
4.26,0.15,10.11,31.8,7.37,359.73,10.83,00:00:50.7840540
4.27,0.14,10.14,32.96,8.06,0.22,10.86,00:00:50.8174830
4.28,0.14,10.18,33.82,8.92,0.84,10.9,00:00:50.8601130
4.28,0.13,10.21,34.66,9.75,1.26,10.93,00:00:50.8995020
4.28,0.12,10.24,36.22,10.01,0.85,10.96,00:00:50.9321820
4.29,0.11,10.28,37.98,9.88,0.1,10.99,00:00:50.9648080
4.29,0.1,10.32,39.2,9.81,359.59,11.03,00:00:51.0079330
4.29,0.09,10.35,40.31,9.07,358.66,11.07,00:00:51.0255760
4.3,0.07,10.39,42.01,7.85,357.42,11.1,00:00:51.0501520
4.3,0.06,10.43,43.53,7.59,357.1,11.14,00:00:51.0991470
4.3,0.05,10.47,45.82,8.31,357.76,11.17,00:00:51.1175840
4.31,0.04,10.5,48.73,8.97,358.4,11.21,00:00:51.1519290
4.31,0.03,10.54,51.41,10.03,359.13,11.24,00:00:51.2078310
4.32,0.01,10.57,54.07,11.41,359.84,11.28,00:00:51.2260970
4.32,0,10.61,57.41,11.44,359.24,11.31,00:00:51.2582210
4.33,-0.01,10.64,60.76,11.55,358.87,11.34,00:00:51.2837010
4.33,-0.02,10.67,63.07,14.13,1.13,11.37,00:00:51.3158840
4.33,-0.04,10.71,65.21,15.86,2.88,11.41,00:00:51.3504900
4.34,-0.05,10.73,67.32,15.51,2.71,11.43,00:00:51.3834870
4.34,-0.06,10.76,69.33,15.6,2.85,11.45,00:00:51.4181920
4.34,-0.07,10.77,71.01,15.73,3.09,11.46,00:00:51.4489340
4.34,-0.08,10.79,72.41,13.75,1.28,11.48,00:00:51.4920000
4.35,-0.09,10.81,73.68,12.07,359.78,11.5,00:00:51.5179490
4.35,-0.1,10.81,74.83,12.38,0.26,11.51,00:00:51.5491720
4.35,-0.12,10.83,75.91,12.06,0.09,11.52,00:00:51.5824790
4.35,-0.13,10.85,76.64,11.31,359.44,11.54,00:00:51.6228500
4.36,-0.14,10.86,77.49,12.85,1.07,11.56,00:00:51.6487780
4.36,-0.15,10.87,78.44,14.5,2.87,11.56,00:00:51.6943410
4.36,-0.16,10.88,79.52,13.34,1.96,11.58,00:00:51.7155440
4.37,-0.17,10.9,80.22,13.23,2.2,11.59,00:00:51.7487940
4.37,-0.18,10.91,80.38,14.93,4.36,11.6,00:00:51.7837720
4.37,-0.19,10.92,80.92,13.41,3.29,11.61,00:00:51.8253060
4.37,-0.2,10.93,81.61,9.05,359.38,11.62,00:00:51.8587160
4.38,-0.21,10.94,82.08,7.13,357.83,11.64,00:00:51.8831670
4.38,-0.22,10.95,82.63,6.66,357.51,11.64,00:00:51.9212530
4.38,-0.24,10.96,83.39,4.84,355.63,11.65,00:00:51.9520380
4.38,-0.25,10.97,84.04,3.99,354.75,11.66,00:00:51.9976980
4.39,-0.26,10.97,84.27,6.66,357.45,11.67,00:00:52.0381740
4.39,-0.26,10.98,84.48,11.33,2.19,11.67,00:00:52.0567750
4.39,-0.27,10.98,84.92,14.66,5.69,11.68,00:00:52.0934010
4.4,-0.28,10.99,85.06,15.36,6.65,11.69,00:00:52.1220930
4.4,-0.28,10.99,85.16,15.62,7.22,11.69,00:00:52.1559510
4.4,-0.29,11,85.47,17.01,8.87,11.69,00:00:52.1883070
4.4,-0.29,11,85.69,17.57,9.64,11.7,00:00:52.2187830
4.41,-0.3,11,85.82,18.54,10.73,11.7,00:00:52.2491680
4.41,-0.3,11,86.12,18.6,10.76,11.7,00:00:52.2802310
4.41,-0.3,11.01,86.38,17.43,9.47,11.71,00:00:52.3234680
4.41,-0.3,11.01,86.58,16.9,8.86,11.71,00:00:52.3517500
4.41,-0.3,11.01,86.81,16.02,7.94,11.71,00:00:52.3839360
4.42,-0.31,11.01,86.99,13.65,5.59,11.71,00:00:52.4200590
4.42,-0.31,11.01,86.98,8.61,0.61,11.71,00:00:52.4535830
4.42,-0.31,11.01,86.95,1.17,353.34,11.72,00:00:52.4905740
4.42,-0.31,11.01,86.97,357.6,349.9,11.72,00:00:52.5253410
4.42,-0.31,11.01,87.09,357.57,350.01,11.72,00:00:52.5527230
4.42,-0.3,11.02,87.11,358.09,350.67,11.72,00:00:52.5840930
4.42,-0.3,11.02,87.06,359.36,352.03,11.72,00:00:52.6162030
4.42,-0.3,11.02,86.73,2.8,355.53,11.72,00:00:52.6493760
4.42,-0.3,11.02,86.4,5.15,357.95,11.72,00:00:52.6842050
4.42,-0.3,11.02,86.16,6.32,359.12,11.72,00:00:52.7200110
4.42,-0.3,11.02,85.88,7.56,0.37,11.73,00:00:52.7519690
4.42,-0.3,11.02,85.6,8.56,1.35,11.73,00:00:52.7887930
4.42,-0.3,11.03,85.49,7.56,0.32,11.73,00:00:52.8327020
4.42,-0.29,11.03,85.42,4.3,356.97,11.73,00:00:52.8634160
4.42,-0.29,11.03,85.14,0.23,352.75,11.73,00:00:52.8909280
4.42,-0.29,11.03,84.36,357.56,349.94,11.73,00:00:52.9162770
4.42,-0.28,11.03,83.3,357.45,349.79,11.73,00:00:52.9632050
4.43,-0.28,11.03,82.5,358.94,351.31,11.74,00:00:52.9836270
4.43,-0.27,11.03,81.8,0.74,353.11,11.74,00:00:53.0174190
4.43,-0.26,11.03,80.8,0.96,353.25,11.74,00:00:53.0596750
4.43,-0.25,11.03,78.91,0.72,352.9,11.74,00:00:53.0947230
4.44,-0.24,11.03,76.06,1.23,353.33,11.74,00:00:53.1173910
4.44,-0.23,11.04,73.45,2.68,354.7,11.74,00:00:53.1615220
4.44,-0.21,11.04,71.63,4.07,355.86,11.75,00:00:53.2179810
4.44,-0.2,11.04,70.17,4.16,355.44,11.75,00:00:53.2367280
4.45,-0.18,11.04,68.3,3.53,354.12,11.75,00:00:53.2623150
4.45,-0.17,11.05,65.92,4.07,354.04,11.76,00:00:53.3078690
4.46,-0.15,11.05,63.12,5.77,355.43,11.77,00:00:53.3592040
4.46,-0.13,11.06,60.53,7.23,356.91,11.77,00:00:53.3929760
4.46,-0.12,11.06,58.41,8.19,357.81,11.78,00:00:53.4177110
4.47,-0.1,11.07,56.56,8.95,358.45,11.79,00:00:53.4494240
4.48,-0.07,11.08,53.94,9.86,359.15,11.8,00:00:53.4847590
4.48,-0.06,11.09,52.39,9.79,358.87,11.81,00:00:53.5190810
4.48,-0.05,11.1,50.55,9.68,358.57,11.82,00:00:53.5600310
4.49,-0.04,11.11,49.04,9.78,358.52,11.84,00:00:53.5994410
4.49,-0.03,11.12,48.06,10.39,358.97,11.85,00:00:53.6237030
4.49,-0.02,11.14,46.95,11.52,359.82,11.86,00:00:53.6514190
4.5,-0.02,11.15,46.18,12.82,0.65,11.88,00:00:53.6830810
4.5,-0.01,11.17,45.71,13.96,1.27,11.9,00:00:53.7162300
4.51,-0.01,11.19,45.53,14.86,1.71,11.92,00:00:53.7585300
4.51,-0.01,11.21,45.45,15.43,1.82,11.95,00:00:53.7849000
4.52,-0.01,11.24,45.13,15.57,1.58,11.97,00:00:53.8251700
4.52,-0.01,11.27,44.05,15.74,1.6,12,00:00:53.8583470
4.53,-0.02,11.3,42.69,16.3,2.29,12.03,00:00:53.8873940
4.53,-0.02,11.33,42.62,16.86,3.36,12.06,00:00:53.9148300
4.53,-0.02,11.36,43.64,17.19,4.66,12.08,00:00:53.9502890
4.53,-0.03,11.39,44.62,17.26,5.95,12.11,00:00:53.9888140
4.53,-0.02,11.42,45.07,16.71,6.99,12.14,00:00:54.0163180
4.52,-0.02,11.45,45.12,15.33,7.82,12.16,00:00:54.0480920
4.51,-0.02,11.47,45.4,12.67,7.91,12.19,00:00:54.0812180
4.5,-0.02,11.5,45.95,8.8,7.41,12.2,00:00:54.1218980
4.48,-0.02,11.52,46.21,4.59,7.12,12.22,00:00:54.1474120
4.47,-0.01,11.54,46.97,0.66,7.3,12.23,00:00:54.1968080
4.45,-0.01,11.56,48.14,356.38,7.17,12.25,00:00:54.2158020
4.43,-0.01,11.57,48.66,351.23,6.35,12.25,00:00:54.2481050
4.41,-0.01,11.59,48.84,345.95,5.65,12.26,00:00:54.2819670
4.38,-0.01,11.6,49.35,341.13,5.69,12.26,00:00:54.3254420
4.36,-0.02,11.61,50.04,336.37,5.97,12.27,00:00:54.3515610
4.34,-0.02,11.61,50.96,330.75,5.36,12.27,00:00:54.3851590
4.32,-0.03,11.62,52.02,324.4,3.65,12.26,00:00:54.4153890
4.32,-0.03,11.62,52.02,324.4,3.65,12.26,00:00:54.4481710
4.32,-0.03,11.62,52.02,324.4,3.65,12.26,00:00:54.4831400
4.32,-0.03,11.62,52.02,324.4,3.65,12.26,00:00:54.5165290
4.32,-0.03,11.62,52.02,324.4,3.65,12.26,00:00:54.5481600
4.32,-0.03,11.62,52.02,324.4,3.65,12.26,00:00:54.5890170
4.32,-0.03,11.62,52.02,324.4,3.65,12.26,00:00:54.6191230
4.32,-0.03,11.62,52.02,324.4,3.65,12.26,00:00:54.6490540
4.32,-0.03,11.62,52.02,324.4,3.65,12.26,00:00:54.6861380
4.32,-0.03,11.62,52.02,324.4,3.65,12.26,00:00:54.7194260
4.32,-0.03,11.62,52.02,324.4,3.65,12.26,00:00:54.7507130
4.32,-0.03,11.62,52.02,324.4,3.65,12.26,00:00:54.7859160
4.32,-0.03,11.62,52.02,324.4,3.65,12.26,00:00:54.8195580
4.32,-0.03,11.62,52.02,324.4,3.65,12.26,00:00:54.8497540
4.32,-0.03,11.62,52.02,324.4,3.65,12.26,00:00:54.8830990
4.32,-0.03,11.62,52.02,324.4,3.65,12.26,00:00:54.9202390
4.32,-0.03,11.62,52.02,324.4,3.65,12.26,00:00:54.9487940
4.32,-0.03,11.62,52.02,324.4,3.65,12.26,00:00:54.9825810
4.32,-0.03,11.62,52.02,324.4,3.65,12.26,00:00:55.0188170
4.32,-0.03,11.62,52.02,324.4,3.65,12.26,00:00:55.0490370
4.32,-0.03,11.62,52.02,324.4,3.65,12.26,00:00:55.0878140
4.32,-0.03,11.62,52.02,324.4,3.65,12.26,00:00:55.1193420
4.32,-0.03,11.62,52.02,324.4,3.65,12.26,00:00:55.1487570
4.32,-0.03,11.62,52.02,324.4,3.65,12.26,00:00:55.1823670
4.32,-0.03,11.62,52.02,324.4,3.65,12.26,00:00:55.2166400
4.32,-0.03,11.62,52.02,324.4,3.65,12.26,00:00:55.2495030
4.32,-0.03,11.62,52.02,324.4,3.65,12.26,00:00:55.2808170
4.32,-0.03,11.62,52.02,324.4,3.65,12.26,00:00:55.3154590
4.32,-0.03,11.62,52.02,324.4,3.65,12.26,00:00:55.3517750
4.32,-0.03,11.62,52.02,324.4,3.65,12.26,00:00:55.3869470
4.32,-0.03,11.62,52.02,324.4,3.65,12.26,00:00:55.4157950
4.32,-0.03,11.62,52.02,324.4,3.65,12.26,00:00:55.4487350
4.4,-0.12,11.64,83.47,355.89,359.13,12.3,00:00:55.4871230
4.4,-0.15,11.65,83.9,357.42,0.75,12.32,00:00:55.5151210
4.4,-0.15,11.65,84.33,356.71,0.05,12.32,00:00:55.5534510
4.4,-0.16,11.66,84.53,358.26,1.62,12.32,00:00:55.5886870
4.4,-0.16,11.66,84.52,359.5,2.8,12.33,00:00:55.6163880
4.4,-0.16,11.66,84.57,359.44,2.62,12.33,00:00:55.6487520
4.4,-0.16,11.67,84.63,359.97,3.06,12.33,00:00:55.6856560
4.4,-0.16,11.67,84.6,1.22,4.2,12.33,00:00:55.7197180
4.4,-0.16,11.67,84.67,2.2,5.12,12.33,00:00:55.7608760
4.4,-0.17,11.67,84.7,2.5,5.34,12.33,00:00:55.7988730
4.4,-0.17,11.67,84.86,2,4.66,12.34,00:00:55.8427600
4.4,-0.16,11.67,84.98,0.27,2.7,12.34,00:00:55.8661030
4.4,-0.16,11.67,84.97,357.92,0.15,12.34,00:00:55.9097650
4.4,-0.16,11.67,84.65,353.71,355.82,12.34,00:00:55.9464760
4.4,-0.16,11.67,84.29,352.28,354.37,12.34,00:00:55.9719170
4.4,-0.16,11.67,84.08,355.04,357.07,12.34,00:00:55.9912950
4.41,-0.16,11.68,84.21,358.82,0.92,12.34,00:00:56.0175490
4.41,-0.16,11.68,84.2,1.73,3.89,12.34,00:00:56.0507840
4.41,-0.16,11.68,84.18,4.02,6.13,12.34,00:00:56.0948780
4.41,-0.16,11.67,83.97,6.58,8.59,12.34,00:00:56.1191240
4.41,-0.16,11.67,83.83,8.74,10.63,12.34,00:00:56.1493990
4.41,-0.16,11.68,83.74,9.82,11.63,12.34,00:00:56.1915260
4.41,-0.16,11.68,83.7,9.28,11.03,12.34,00:00:56.2163120
4.41,-0.16,11.68,83.58,8.68,10.44,12.34,00:00:56.2490290
4.41,-0.16,11.68,83.57,9.55,11.36,12.34,00:00:56.2809570
4.41,-0.16,11.68,83.59,10.65,12.52,12.34,00:00:56.3156790
4.41,-0.16,11.68,83.26,10.83,12.78,12.34,00:00:56.3481620
4.41,-0.16,11.68,82.12,9.54,11.47,12.34,00:00:56.3917890
4.4,-0.16,11.68,80.48,9.03,10.71,12.34,00:00:56.4166520
4.4,-0.16,11.68,79.05,10.36,11.77,12.34,00:00:56.4484200
4.4,-0.16,11.68,77.76,11.75,12.93,12.35,00:00:56.4901670
4.4,-0.16,11.68,76.26,13.04,14.15,12.34,00:00:56.5158150
4.39,-0.15,11.68,74.05,13.94,15,12.34,00:00:56.5498340
4.39,-0.15,11.68,72.26,15.1,16.1,12.34,00:00:56.5833650
4.38,-0.15,11.68,71.47,14.81,15.91,12.34,00:00:56.6164250
4.37,-0.14,11.68,69.8,12.58,13.82,12.33,00:00:56.6476320
4.37,-0.14,11.68,67.6,10.51,12.04,12.33,00:00:56.6852330
4.35,-0.14,11.68,65.64,9.53,11.53,12.33,00:00:56.7146270
4.34,-0.13,11.68,63.6,8.75,11.3,12.33,00:00:56.7474700
4.33,-0.13,11.68,61.67,8.13,11.36,12.32,00:00:56.7819630
4.31,-0.13,11.68,59.78,7.19,11,12.32,00:00:56.8145810
4.29,-0.13,11.69,57.35,6.14,10.35,12.32,00:00:56.8480390
4.27,-0.13,11.69,54.76,6.22,10.69,12.32,00:00:56.8891840
4.25,-0.14,11.7,51.85,6.38,10.98,12.31,00:00:56.9142620
4.23,-0.14,11.7,48.02,5.79,10.81,12.31,00:00:56.9472320
4.21,-0.15,11.71,43.46,4.76,10.36,12.31,00:00:56.9817220
4.18,-0.15,11.71,38.19,3.14,9.48,12.31,00:00:57.0148050
4.16,-0.15,11.72,33.81,2.09,8.6,12.31,00:00:57.0473000
4.14,-0.16,11.72,31.28,2.03,7.68,12.3,00:00:57.0817350
4.11,-0.16,11.73,30.1,2.3,6.89,12.3,00:00:57.1158390
4.09,-0.17,11.74,29.28,2.73,6.62,12.3,00:00:57.1475110
4.07,-0.18,11.74,27.84,3.02,6.83,12.3,00:00:57.1821610
4.04,-0.18,11.75,26.18,2.85,7.44,12.3,00:00:57.2160050
4.02,-0.19,11.75,24.91,2.22,7.92,12.3,00:00:57.2475350
4,-0.2,11.76,23.2,1.57,8.06,12.3,00:00:57.2880840
3.99,-0.21,11.76,21.85,0.88,7.78,12.3,00:00:57.3159700
3.97,-0.22,11.77,20.5,0.04,7.39,12.3,00:00:57.3482660
3.96,-0.23,11.77,19.11,359.26,7.08,12.3,00:00:57.3971620
3.94,-0.24,11.78,17.72,358.8,6.53,12.3,00:00:57.4155450
3.93,-0.25,11.78,16.9,358.14,6.28,12.3,00:00:57.4465190
3.92,-0.25,11.78,16.27,357.56,6.38,12.3,00:00:57.4828740
3.92,-0.25,11.79,14.76,356.88,6.21,12.3,00:00:57.5221580
3.91,-0.25,11.79,13.29,356.42,5.92,12.3,00:00:57.5536140
3.91,-0.27,11.79,12.22,356.23,5.72,12.3,00:00:57.5881890
3.91,-0.27,11.79,10.75,356.13,5.93,12.3,00:00:57.6223880
3.91,-0.27,11.79,9.56,355.87,6.11,12.3,00:00:57.6492760
3.91,-0.27,11.8,8.99,355.5,6.05,12.31,00:00:57.6890820
3.91,-0.27,11.79,8.19,355.09,5.62,12.31,00:00:57.7278560
3.91,-0.27,11.79,7.41,354.79,5.1,12.31,00:00:57.7617400
3.91,-0.27,11.8,6.22,354.63,4.94,12.31,00:00:57.7877890
3.91,-0.27,11.8,3.98,354.47,5.56,12.31,00:00:57.8283470
3.91,-0.27,11.8,2.89,354.29,5.61,12.31,00:00:57.8482480
3.91,-0.27,11.8,3.32,354.57,4.97,12.31,00:00:57.8874270
3.91,-0.27,11.8,3.77,354.86,4.7,12.31,00:00:57.9217450
3.9,-0.27,11.8,4.12,355.17,4.61,12.31,00:00:57.9493990
3.9,-0.27,11.8,4.76,355.64,3.73,12.31,00:00:58.8214130
