0,0,0,0,0,270,0,00:00:00.6498480
0,0,0,0,0,270,0,00:00:00.7307990
0,0,0,0,0,0,0,00:00:00.7535910
0,0,0,0,0,0,0,00:00:00.7684620
0,0,0,0,0,0,0,00:00:00.8009660
0,0,0,0,0,0,0,00:00:00.8382890
0,0,0,0,0,0,0,00:00:00.8691460
0,0,0,0,0,0,0,00:00:00.9023630
0,0,0,0,0,0,0,00:00:00.9389000
0,0,0,0,0,0,0,00:00:00.9734160
0,0,0,0,0,0,0,00:00:01.0049860
0,0,0,0,0,0,0,00:00:01.0454710
0,0,0,0,0,0,0,00:00:01.0841230
0,0,0,0,0,0,0,00:00:01.1677180
0,0,0,0,0,0,0,00:00:01.1806020
0.01,-0.01,0.01,2.79,359.23,359.53,0,00:00:01.2018240
0.01,-0.01,0.01,3.1,359.25,359.58,0,00:00:01.2358980
0.01,0,0.01,3.05,359.25,359.57,0,00:00:01.2676320
0.01,0,0.01,3.04,359.25,359.57,0,00:00:01.3008400
0.01,0,0,3.03,359.25,359.57,0,00:00:01.3459610
0.01,0,0,2.98,359.25,359.56,0,00:00:01.3680650
0.01,0,0.01,2.97,359.25,359.53,0,00:00:01.4004010
0.01,0,0.01,2.9,359.25,359.53,0,00:00:01.4353370
0.01,-0.01,0.01,2.88,359.25,359.53,0,00:00:01.4705780
0.01,-0.01,0.01,3.01,359.25,359.54,0,00:00:01.5011910
0.01,-0.01,0.01,3.18,359.25,359.54,0,00:00:01.5369260
0.01,-0.01,0.01,3.16,359.24,359.54,0,00:00:01.5802970
0.01,-0.01,0.01,3.13,359.24,359.51,0,00:00:01.6013500
0.01,-0.01,0.01,3.22,359.24,359.5,0,00:00:01.6351070
0.01,-0.01,0.01,3.35,359.25,359.5,0,00:00:01.6755470
0.01,-0.01,0.01,3.37,359.25,359.51,0,00:00:01.7021020
0.01,-0.01,0.01,3.33,359.25,359.51,0,00:00:01.7389910
0.01,-0.01,0.01,3.29,359.25,359.5,0,00:00:01.7713830
0.01,-0.01,0.01,3.18,359.25,359.5,0,00:00:01.8002250
0.01,-0.01,0.01,3.08,359.26,359.51,0,00:00:01.8459810
0.01,-0.01,0,3.06,359.26,359.53,0,00:00:01.8680250
0.01,-0.01,0.01,3.13,359.26,359.54,0,00:00:01.9003830
0.01,-0.01,0.01,3.23,359.26,359.56,0,00:00:01.9339590
0.01,-0.01,0.01,3.3,359.26,359.6,0,00:00:01.9687070
0.01,-0.01,0,3.27,359.26,359.63,0,00:00:01.9999630
0.01,-0.01,0.01,3.26,359.26,359.61,0,00:00:02.0401560
0.01,-0.01,0.01,3.28,359.25,359.61,0,00:00:02.0682970
0.01,-0.01,0.01,3.3,359.25,359.62,0,00:00:02.1006180
0.01,0,0.01,3.3,359.25,359.59,0,00:00:02.1384620
0.01,0,0.01,3.27,359.24,359.58,0,00:00:02.1701210
0.01,0,0.01,3.12,359.24,359.57,0,00:00:02.2013320
0.01,0,0.01,2.6,359.24,359.59,0,00:00:02.2345820
0.01,0,0,2.39,359.23,359.64,0,00:00:02.2703650
0.01,-0.01,0.01,2.92,359.23,359.67,0,00:00:02.3016110
0.01,0,0.01,3.17,359.24,359.68,0,00:00:02.3375330
0.01,0,0.01,2.77,359.23,359.67,0,00:00:02.3693760
0.01,0,0.01,2.7,359.22,359.59,0,00:00:02.4143430
0.01,0,0.01,3.41,359.21,359.56,0,00:00:02.4494400
0.01,-0.01,0.01,4.42,359.23,359.69,0,00:00:02.4807370
0.01,-0.01,0.01,5.27,359.25,359.83,0,00:00:02.5032740
0.01,-0.01,0.01,6.06,359.25,359.94,0,00:00:02.5375760
0.01,-0.01,0.01,7.04,359.28,0.01,0,00:00:02.5700250
0.01,-0.01,0.01,7.92,359.26,0.08,0,00:00:02.6005130
0.01,-0.01,0.01,8.82,359.06,0.43,0,00:00:02.6349050
0.01,0,0.01,10.6,358.88,0.5,0,00:00:02.6711420
0.01,0,0.01,13.05,359.05,0.29,0,00:00:02.7079740
0.02,0,0.01,15.57,359.15,0.2,0,00:00:02.7418500
0.02,0.01,0.01,17.76,358.94,0.3,0,00:00:02.7691410
0.03,0.01,0.01,19.07,358.34,0.49,0,00:00:02.8008470
0.03,0.02,0.01,21.47,357.66,1,0,00:00:02.8358400
0.04,0.03,0.01,25.74,357.67,2.08,0,00:00:02.8675440
0.05,0.04,0.01,29.55,357.9,3.13,0,00:00:02.9014280
0.07,0.05,0.01,32.84,358.02,3.7,0,00:00:02.9374390
0.08,0.06,0.01,36.03,358.71,4.21,0,00:00:02.9707700
0.09,0.06,0.02,39,359.76,4.77,0,00:00:03.0064040
0.11,0.07,0.02,42.84,1.15,5.44,0,00:00:03.0375660
0.12,0.08,0.02,46.8,3.86,7.37,0,00:00:03.0839410
0.14,0.08,0.02,50.49,6.42,9.26,0,00:00:03.1046170
0.15,0.09,0.02,54.62,8.84,10.87,0,00:00:03.1376130
0.16,0.09,0.02,57.97,11.03,12.53,0,00:00:03.1693000
0.18,0.09,0.02,59.85,11.86,13.12,0,00:00:03.2031060
0.19,0.1,0.02,62.45,13.52,14.69,0,00:00:03.2346230
0.2,0.1,0.02,65.72,16.91,18.49,0,00:00:03.2678320
0.21,0.1,0.02,69.66,29.74,32.07,0,00:00:03.3003240
0.22,0.1,0.02,71.92,44.38,46.41,0,00:00:03.3360250
0.23,0.1,0.01,73.17,47.9,49.83,0,00:00:03.3689090
0.24,0.1,0.01,75.51,49.46,51.02,0,00:00:03.4003010
0.25,0.1,0,78.06,54.76,55.8,0,00:00:03.4337640
0.25,0.1,0,78.76,56.98,58.18,0,00:00:03.4668170
0.26,0.1,0,78.71,54.86,56.36,0,00:00:03.5004240
0.27,0.1,-0.01,79.31,60.26,61.72,0,00:00:03.5374120
0.27,0.1,-0.01,79.9,62.56,63.8,0,00:00:03.5690710
0.27,0.1,-0.01,80.57,59.99,59.83,0,00:00:03.6002220
0.27,0.09,-0.01,81.04,63.1,61.15,0,00:00:03.6345480
0.28,0.09,-0.01,81.68,67.95,66.05,0,00:00:03.6689300
0.28,0.09,-0.01,81.84,74.6,72.93,0,00:00:03.7011800
0.29,0.09,-0.01,81.92,73.25,71.16,0,00:00:03.7341140
0.3,0.09,-0.02,82.26,73.28,70.55,0,00:00:03.7667490
0.3,0.09,-0.02,82.85,76.21,73,0,00:00:03.7999010
0.3,0.09,-0.02,83.46,76.44,73,0,00:00:03.8338000
0.3,0.09,-0.01,84.34,74.45,70.94,0,00:00:03.8670110
0.3,0.09,-0.01,84.93,74.74,71.16,0,00:00:03.8999310
0.3,0.09,-0.01,85.36,75.91,72.23,0,00:00:03.9351320
0.3,0.08,-0.01,85.7,73.68,69.8,0,00:00:03.9669280
0.31,0.09,-0.01,86.05,71.58,67.59,0,00:00:04.0082070
0.31,0.08,-0.01,86.48,69.25,65.19,0,00:00:04.0353230
0.31,0.08,0,86.98,64.61,60.57,0,00:00:04.0692500
0.31,0.09,0,87.6,62.82,58.99,0,00:00:04.1007610
0.31,0.09,0,87.89,65.67,62.19,0,00:00:04.1357910
0.31,0.09,0,88.12,66.46,63.37,0,00:00:04.1706260
0.31,0.09,0,88.33,64.62,61.91,0,00:00:04.2036440
0.31,0.09,0,88.39,64.26,61.9,0,00:00:04.2524870
0.31,0.09,0,88.41,70.06,68.09,0,00:00:04.2865960
0.31,0.08,0,88.29,76.99,75.4,0,00:00:04.3022610
0.31,0.08,0,88.24,77.07,75.69,0,00:00:04.3414120
0.31,0.08,0,88.36,80.4,79.19,0,00:00:04.3717900
0.31,0.08,0,88.41,87.73,86.7,0,00:00:04.4005020
0.31,0.08,0,88.49,94.82,93.94,0,00:00:04.4400170
0.31,0.08,0,88.5,101.07,100.32,0,00:00:04.4704100
0.31,0.08,0,88.47,107.69,107.07,0,00:00:04.5025860
0.31,0.08,0,88.37,112.91,112.45,0,00:00:04.5333850
0.31,0.08,0,88.27,114.35,114.01,0,00:00:04.5665600
0.31,0.08,0,88.19,115.11,114.89,0,00:00:04.6004320
0.31,0.08,0,88.14,116.92,116.82,0,00:00:04.6441940
0.31,0.07,0,87.99,118.11,118.13,0,00:00:04.6758220
0.31,0.07,0,87.85,121.24,121.43,0,00:00:04.6999980
0.31,0.07,0,87.7,127.5,127.87,0,00:00:04.7444670
0.32,0.06,0,87.57,132.24,132.68,0,00:00:04.7672900
0.32,0.05,0,87.46,133.07,133.37,0,00:00:04.8010050
0.32,0.04,0,87.46,131.8,131.83,0,00:00:04.8365380
0.32,0.03,0,87.35,128.61,128.44,0,00:00:04.8799410
0.32,0.03,0,87.26,127.89,127.59,0,00:00:04.9011440
0.32,0.02,0,87.34,124.72,124.21,0,00:00:04.9513490
0.32,0.01,0,87.23,121.75,121.07,0,00:00:04.9796730
0.32,0,0,87.15,130.07,129.3,0,00:00:05.0006940
0.33,-0.01,0,86.96,139.03,138.18,0,00:00:05.0418050
0.33,-0.02,0,86.79,143.97,143.02,0,00:00:05.1141400
0.33,-0.03,0,86.59,139.39,138.1,0,00:00:05.1410130
0.33,-0.04,0,85.81,125.87,124.27,0,00:00:05.1708360
0.33,-0.05,-0.01,85.48,129.52,127.31,0,00:00:05.2017040
0.33,-0.05,-0.01,85.85,138.02,135.57,0,00:00:05.2368490
0.33,-0.04,-0.01,85.72,140.45,138.03,0,00:00:05.2854460
0.33,-0.04,-0.01,85.52,144.05,141.77,0,00:00:05.3201730
0.33,-0.04,-0.01,85.76,150.3,147.99,0,00:00:05.3674670
0.33,-0.03,0,86.02,155.04,152.72,0,00:00:05.3997370
0.33,-0.02,0,86.15,161.25,158.95,0,00:00:05.4338250
0.33,0.01,0,86.39,164.03,161.91,0,00:00:05.4691490
0.33,0.02,0,86.58,161.99,159.9,0,00:00:05.5120820
0.33,0.04,0.01,87.04,163.79,161.57,0,00:00:05.5322800
0.33,0.05,0.01,87.53,167.5,165.2,0,00:00:05.5673640
0.33,0.06,0.01,87.8,172.84,170.52,0,00:00:05.6114610
0.33,0.08,0.01,87.84,183.86,181.77,0,00:00:05.6336530
0.33,0.09,0.01,87.81,188.38,186.79,0,00:00:05.6900350
0.34,0.09,0.01,87.87,191.92,190.79,0,00:00:05.7005470
0.34,0.1,0.01,87.96,195.11,194.25,0,00:00:05.7400490
0.34,0.1,0.01,88.19,198.37,197.61,0,00:00:05.7664890
0.34,0.11,0.01,88.57,197.04,196.29,0,00:00:05.8001550
0.34,0.11,0.01,88.81,190.16,189.47,0,00:00:05.8326370
0.34,0.11,0.01,88.93,188,187.42,0,00:00:05.8685940
0.34,0.11,0.01,89.02,186.38,185.85,0,00:00:06.1495060
0.34,0.12,0.01,89.07,191.66,191.15,0.55,00:00:06.2459330
0.34,0.12,0.01,89.02,193.13,192.68,0.56,00:00:06.3124820
0.34,0.12,0.01,88.95,191.03,190.72,0.56,00:00:06.3450210
0.34,0.13,0.01,89.55,129.62,129.88,0.57,00:00:06.4036490
0.34,0.14,0.02,89,357.45,357.76,0.58,00:00:06.4354470
0.34,0.15,0.02,88.42,356.23,356.47,0.59,00:00:06.4699400
0.35,0.17,0.02,86.53,345.16,345.28,0.6,00:00:06.5094260
0.35,0.18,0.03,84.73,344.75,344.55,0.62,00:00:06.5326280
0.35,0.19,0.03,83.07,345.03,344.61,0.63,00:00:06.5739460
0.35,0.21,0.04,82.03,338.82,339.44,0.65,00:00:06.6042360
0.35,0.22,0.05,80.52,338.88,340.08,0.66,00:00:06.6400610
0.35,0.24,0.06,77.7,343.63,344.43,0.68,00:00:06.6672900
0.36,0.26,0.06,74.72,347.96,348.05,0.7,00:00:06.6993850
0.36,0.28,0.08,71.68,352.23,351.94,0.72,00:00:06.7333670
0.36,0.3,0.09,68.79,354.3,354.34,0.74,00:00:06.7668710
0.37,0.32,0.1,66.78,355.28,356.1,0.76,00:00:06.7999250
0.37,0.33,0.11,64.61,354.81,355.79,0.78,00:00:06.8394340
0.37,0.35,0.12,62.17,353.71,354.54,0.8,00:00:06.8662700
0.37,0.37,0.14,59.78,353.22,354.09,0.82,00:00:06.9000350
0.38,0.38,0.16,57.58,353.35,354.46,0.84,00:00:06.9399280
0.38,0.4,0.17,55.13,353.03,354.28,0.86,00:00:06.9683090
0.38,0.41,0.19,52.8,352.96,354.14,0.88,00:00:07.0005850
0.38,0.42,0.21,50.67,353.69,354.73,0.89,00:00:07.0404090
0.39,0.43,0.24,48.54,354.51,355.37,0.91,00:00:07.0700160
0.39,0.44,0.27,46.56,355.56,356,0.93,00:00:07.1012180
0.4,0.45,0.3,45.04,356.5,356.62,0.94,00:00:07.1373990
0.4,0.45,0.33,43.51,357.65,357.61,0.96,00:00:07.1691260
0.4,0.46,0.37,42.01,358.55,358.51,0.98,00:00:07.2002530
0.4,0.46,0.4,40.91,358.92,358.9,1,00:00:07.2362750
0.4,0.47,0.44,39.69,358.95,358.76,1.02,00:00:07.2671790
0.4,0.47,0.48,37.91,359.06,358.53,1.04,00:00:07.3014540
0.4,0.48,0.53,36.7,359.13,358.63,1.07,00:00:07.3358340
0.4,0.49,0.57,35.79,359.23,359.04,1.11,00:00:07.3676600
0.4,0.5,0.62,34.15,359.44,359.37,1.14,00:00:07.4000740
0.4,0.51,0.66,32.66,359.43,359.45,1.17,00:00:07.4342860
0.4,0.52,0.71,31.8,359.25,359.4,1.21,00:00:07.4665170
0.4,0.54,0.75,30.53,358.87,359.12,1.25,00:00:07.5000580
0.4,0.54,0.79,29.42,359.01,359.32,1.28,00:00:07.5418310
0.39,0.55,0.83,29.06,359.76,0.14,1.31,00:00:07.5712760
0.39,0.56,0.87,28.69,359.83,0.33,1.34,00:00:07.6160000
0.39,0.56,0.91,28.48,359.14,359.79,1.37,00:00:07.6609540
0.39,0.57,0.96,28.36,358.74,359.4,1.41,00:00:07.6890610
0.39,0.57,1,28,358.94,359.55,1.43,00:00:07.7054060
0.38,0.57,1.04,27.83,359.22,359.8,1.46,00:00:07.7367170
0.38,0.56,1.07,27.9,359.67,0.32,1.48,00:00:07.7712700
0.38,0.55,1.12,28.4,359.67,0.89,1.51,00:00:07.7989440
0.38,0.54,1.16,29.01,358.62,0.52,1.53,00:00:07.8365240
0.38,0.53,1.2,29.14,357.14,359.66,1.56,00:00:07.8663830
0.37,0.53,1.24,29.08,356.72,359.6,1.59,00:00:07.9019490
0.37,0.53,1.29,29.4,357,0.02,1.63,00:00:07.9406880
0.37,0.53,1.33,29.5,356.11,358.97,1.67,00:00:07.9687630
0.36,0.53,1.38,30.66,355.46,358.08,1.7,00:00:08.0010380
0.35,0.53,1.42,32.5,355.62,358.44,1.73,00:00:08.0336750
0.35,0.52,1.45,33.94,355.39,358.83,1.76,00:00:08.0669490
0.34,0.52,1.49,35.68,354.99,359.1,1.79,00:00:08.1004020
0.34,0.51,1.53,37.32,355.38,359.59,1.82,00:00:08.1326680
0.33,0.5,1.57,38.55,356.53,0.36,1.85,00:00:08.1665140
0.33,0.49,1.61,39.65,357.04,0.31,1.89,00:00:08.2014590
0.32,0.48,1.65,40.72,356.58,359.35,1.91,00:00:08.2334670
0.31,0.47,1.69,42.3,356.25,358.72,1.94,00:00:08.2702180
0.31,0.45,1.73,44.41,356,358.61,1.97,00:00:08.2997600
0.3,0.44,1.77,46.96,355.97,358.6,1.99,00:00:08.3339820
0.29,0.42,1.8,48.88,356.39,358.63,2.02,00:00:08.3660920
0.28,0.4,1.83,50.37,357.54,359.12,2.04,00:00:08.3995070
0.28,0.39,1.86,51.97,359.81,0.46,2.06,00:00:08.4332260
0.27,0.37,1.9,53.16,0.68,0.79,2.09,00:00:08.4663480
0.26,0.36,1.93,54.54,359.99,359.91,2.11,00:00:08.4988970
0.26,0.35,1.96,57.43,359.85,359.8,2.14,00:00:08.5325090
0.26,0.33,1.99,60.66,0.27,0.18,2.16,00:00:08.5668690
0.26,0.31,2.01,62.8,0.87,0.48,2.17,00:00:08.6001370
0.25,0.3,2.03,65.16,3.1,2.71,2.19,00:00:08.6328770
0.25,0.28,2.05,68.12,4.7,4.47,2.2,00:00:08.6668070
0.25,0.27,2.07,70.5,3.72,3.23,2.21,00:00:08.7001500
0.25,0.25,2.08,72.22,2.69,1.89,2.22,00:00:08.7327510
0.25,0.24,2.09,73.98,0.2,359.09,2.22,00:00:08.7756120
0.25,0.23,2.1,75.75,358.93,357.64,2.23,00:00:08.8007890
0.25,0.21,2.11,77.39,359.21,357.92,2.24,00:00:08.8337390
0.24,0.2,2.12,78.98,0.75,359.78,2.25,00:00:08.8662900
0.24,0.19,2.14,80.22,2.92,2.28,2.26,00:00:08.8996780
0.24,0.18,2.15,81.49,6.55,6.32,2.26,00:00:08.9342130
0.24,0.17,2.16,82.35,12.26,12.28,2.27,00:00:08.9657240
0.25,0.15,2.16,82.93,15.64,15.69,2.27,00:00:08.9985970
0.24,0.15,2.17,83.37,16.5,16.51,2.28,00:00:09.0383830
0.24,0.14,2.18,83.86,17.41,17.45,2.28,00:00:09.0655490
0.25,0.13,2.18,84.4,19.19,19.33,2.28,00:00:09.1005610
0.24,0.12,2.19,84.92,20.36,20.61,2.29,00:00:09.1329990
0.25,0.12,2.2,85.5,20.03,20.35,2.29,00:00:09.1665090
0.25,0.11,2.2,86.11,18.04,18.46,2.3,00:00:09.1988770
0.25,0.11,2.2,86.64,16.24,16.77,2.3,00:00:09.2422900
0.25,0.1,2.21,87.06,16.06,16.74,2.3,00:00:09.2658040
0.25,0.1,2.21,87.47,20.44,21.38,2.31,00:00:09.2996390
0.25,0.1,2.22,87.55,31.21,32.4,2.31,00:00:09.3325270
0.25,0.09,2.22,87.38,38.49,39.82,2.31,00:00:09.3678910
0.25,0.09,2.22,87.35,40.31,41.7,2.31,00:00:09.4000240
0.25,0.09,2.23,87.31,42.41,43.91,2.31,00:00:09.4318720
0.25,0.09,2.23,87.27,46.14,47.87,2.32,00:00:09.4663490
0.25,0.09,2.23,87.44,51.52,53.55,2.32,00:00:09.4994100
0.25,0.09,2.23,87.67,53.44,55.69,2.32,00:00:09.5319290
0.25,0.09,2.23,87.96,48.31,50.6,2.32,00:00:09.5662450
0.25,0.09,2.23,88.29,43.47,45.79,2.32,00:00:09.6025210
0.25,0.09,2.23,88.57,47.41,49.81,2.32,00:00:09.6396760
0.25,0.08,2.23,88.69,55.07,57.54,2.32,00:00:09.6661180
0.25,0.08,2.23,88.76,60,62.53,2.32,00:00:09.6997370
0.25,0.08,2.23,88.72,59.95,62.45,2.32,00:00:09.7319690
0.25,0.08,2.23,88.69,64.71,67.22,2.32,00:00:09.7654400
0.25,0.08,2.23,88.58,66.97,69.48,2.32,00:00:09.7991730
0.25,0.08,2.23,88.44,68.43,70.9,2.32,00:00:09.8322230
0.26,0.08,2.23,88.37,70.62,73.06,2.32,00:00:09.8656440
0.26,0.07,2.23,88.43,70.37,72.75,2.32,00:00:09.9005510
0.26,0.07,2.23,88.53,70.51,72.85,2.32,00:00:09.9323270
0.26,0.07,2.23,88.5,71.44,73.83,2.32,00:00:09.9682700
0.26,0.07,2.23,88.44,72.6,75.06,2.32,00:00:10.0018320
0.26,0.07,2.23,88.53,71.48,73.99,2.32,00:00:10.0370950
0.26,0.07,2.23,88.66,72.09,74.65,2.32,00:00:10.0732390
0.26,0.07,2.23,88.74,75.95,78.6,2.32,00:00:10.1009650
0.26,0.07,2.23,88.86,75.46,78.16,2.32,00:00:10.1501900
0.26,0.07,2.23,88.98,75.32,78.11,2.32,00:00:10.1674970
0.26,0.07,2.23,89.16,77.71,80.61,2.32,00:00:10.2157590
0.26,0.07,2.23,89.51,86.01,89.01,2.32,00:00:10.2686630
0.26,0.07,2.23,89.58,68.12,71.12,2.32,00:00:10.2912530
0.26,0.07,2.23,89.38,62.78,65.92,2.32,00:00:10.3169450
0.26,0.07,2.23,88.83,71.06,74.51,2.32,00:00:10.3347390
0.26,0.08,2.23,88.58,64.53,68.14,2.32,00:00:10.3665030
0.26,0.08,2.23,88.52,55.82,59.48,2.32,00:00:10.4019200
0.26,0.08,2.23,88.42,50.6,54.33,2.32,00:00:10.4330350
0.26,0.08,2.24,88.45,43.86,47.64,2.32,00:00:10.4674470
0.26,0.08,2.24,88.45,30.57,34.34,2.32,00:00:10.5012390
0.26,0.09,2.24,88.35,28.16,32,2.32,00:00:10.5349540
0.26,0.09,2.24,88.24,27.46,31.35,2.32,00:00:10.5763050
0.27,0.09,2.24,88.09,20.37,24.22,2.33,00:00:10.6061000
0.27,0.09,2.24,87.94,15.19,18.99,2.33,00:00:10.6347790
0.27,0.1,2.24,87.67,9.8,13.49,2.33,00:00:10.6756880
0.27,0.1,2.24,87.15,1.65,5.14,2.33,00:00:10.7000990
0.27,0.11,2.24,86.29,357.4,0.63,2.34,00:00:10.7407870
0.27,0.12,2.24,84.98,358.41,1.29,2.34,00:00:10.7688510
0.27,0.14,2.25,83.31,359.27,1.65,2.35,00:00:10.7997670
0.27,0.15,2.25,81.48,358.77,0.57,2.35,00:00:10.8341870
0.27,0.17,2.25,79.4,358.42,359.6,2.36,00:00:10.8727150
0.27,0.19,2.25,76.95,358.98,359.48,2.36,00:00:10.9001510
0.27,0.2,2.25,74.62,359.63,359.25,2.37,00:00:10.9322310
0.27,0.22,2.26,72.05,359.94,358.55,2.38,00:00:10.9654760
0.27,0.25,2.26,69.04,0.38,357.72,2.39,00:00:10.9990190
0.27,0.27,2.27,66.26,1.32,356.94,2.4,00:00:11.0323180
0.28,0.29,2.27,63.53,2.11,356.01,2.41,00:00:11.0704900
0.28,0.31,2.28,60.61,3.61,355.72,2.42,00:00:11.0985250
0.29,0.33,2.28,57.44,5.64,355.47,2.43,00:00:11.1399220
0.29,0.35,2.29,54.34,7.76,355.12,2.45,00:00:11.1661400
0.3,0.37,2.3,51.9,10.37,355.35,2.46,00:00:11.1996510
0.31,0.39,2.3,49.71,13.17,355.59,2.47,00:00:11.2317290
0.32,0.4,2.31,47.14,15.87,355.06,2.48,00:00:11.2662470
0.34,0.42,2.32,43.99,18.53,354.04,2.49,00:00:11.2985360
0.35,0.43,2.33,40.95,21.72,353.43,2.51,00:00:11.3328950
0.37,0.44,2.33,37.84,25.58,353.26,2.52,00:00:11.3657740
0.39,0.45,2.34,34.68,30.07,353.49,2.52,00:00:11.3987760
0.41,0.45,2.34,32.09,35.11,353.97,2.53,00:00:11.4501760
0.43,0.46,2.35,29.88,40.61,354.54,2.54,00:00:11.4660960
0.45,0.46,2.35,27.76,46.1,354.83,2.54,00:00:11.4991160
0.47,0.46,2.35,25.76,51.29,354.62,2.54,00:00:11.5326850
0.49,0.46,2.35,24.81,56.74,354.63,2.54,00:00:11.5655590
0.5,0.46,2.35,24.38,62.45,355.05,2.54,00:00:11.5988780
0.52,0.46,2.34,23.77,69,356.23,2.53,00:00:11.6312470
0.54,0.46,2.33,23.87,74.64,358.01,2.52,00:00:11.6651580
0.54,0.46,2.31,24.23,79.66,359.02,2.51,00:00:11.7022280
0.55,0.46,2.3,23.93,84.35,359.4,2.5,00:00:11.7311550
0.55,0.46,2.28,23.84,88.65,359.81,2.48,00:00:11.7654520
0.55,0.46,2.27,24.54,91.88,359.14,2.47,00:00:11.7982560
0.55,0.46,2.25,24.96,94.34,358.01,2.45,00:00:11.8320140
0.55,0.45,2.24,25.01,97.4,358.34,2.44,00:00:11.8703100
0.54,0.45,2.22,25.33,100.51,359.9,2.43,00:00:11.8990120
0.53,0.45,2.2,26.23,103.28,1.82,2.4,00:00:11.9558880
0.52,0.44,2.18,27.55,105.46,3.43,2.38,00:00:11.9797750
0.51,0.43,2.17,28.74,107.05,4.21,2.37,00:00:11.9992020
0.5,0.42,2.16,30.39,108.2,4.52,2.35,00:00:12.0334370
0.49,0.41,2.15,32.59,108.6,4.18,2.34,00:00:12.0648100
0.48,0.39,2.14,34.53,108.24,3.43,2.32,00:00:12.0989250
0.48,0.36,2.15,37.56,108.38,3.64,2.33,00:00:12.1326700
0.47,0.34,2.15,40.9,108.99,4.53,2.31,00:00:12.1657300
0.47,0.34,2.15,40.9,108.99,4.53,2.31,00:00:12.2004870
0.47,0.34,2.15,40.9,108.99,4.53,2.31,00:00:12.2338840
0.47,0.34,2.15,40.9,108.99,4.53,2.31,00:00:12.2680750
0.47,0.34,2.15,40.9,108.99,4.53,2.31,00:00:12.2997290
0.47,0.34,2.15,40.9,108.99,4.53,2.31,00:00:12.3323250
0.47,0.34,2.15,40.9,108.99,4.53,2.31,00:00:12.3663820
0.47,0.34,2.15,40.9,108.99,4.53,2.31,00:00:12.3978770
0.47,0.34,2.15,40.9,108.99,4.53,2.31,00:00:12.4406940
0.47,0.34,2.15,40.9,108.99,4.53,2.31,00:00:12.4676810
0.47,0.34,2.15,40.9,108.99,4.53,2.31,00:00:12.4986060
0.47,0.34,2.15,40.9,108.99,4.53,2.31,00:00:12.5333700
0.47,0.34,2.15,40.9,108.99,4.53,2.31,00:00:12.5689890
0.47,0.34,2.15,40.9,108.99,4.53,2.31,00:00:12.6021410
0.47,0.34,2.15,40.9,108.99,4.53,2.31,00:00:12.6408640
0.47,0.34,2.15,40.9,108.99,4.53,2.31,00:00:12.6681230
0.47,0.34,2.15,40.9,108.99,4.53,2.31,00:00:12.7003590
0.47,0.34,2.15,40.9,108.99,4.53,2.31,00:00:12.7412230
0.47,0.34,2.15,40.9,108.99,4.53,2.31,00:00:12.7716660
0.47,0.34,2.15,40.9,108.99,4.53,2.31,00:00:12.7998030
0.47,0.34,2.15,40.9,108.99,4.53,2.31,00:00:12.8323330
0.47,0.34,2.15,40.9,108.99,4.53,2.31,00:00:12.8669830
0.47,0.34,2.15,40.9,108.99,4.53,2.31,00:00:12.8994680
0.47,0.34,2.15,40.9,108.99,4.53,2.31,00:00:12.9402670
0.47,0.34,2.15,40.9,108.99,4.53,2.31,00:00:12.9677700
0.47,0.34,2.15,40.9,108.99,4.53,2.31,00:00:13.0039680
0.47,0.34,2.15,40.9,108.99,4.53,2.31,00:00:13.0340120
0.47,0.34,2.15,40.9,108.99,4.53,2.31,00:00:13.0658180
0.47,0.34,2.15,40.9,108.99,4.53,2.31,00:00:13.1022180
0.47,0.34,2.15,40.9,108.99,4.53,2.31,00:00:13.1377790
0.47,0.34,2.15,40.9,108.99,4.53,2.31,00:00:13.1686090
0.49,0.39,2.18,87.35,184.65,125.38,2.36,00:00:13.2104040
0.49,0.39,2.18,87.51,193.77,134.39,2.36,00:00:13.2400630
0.49,0.39,2.18,87.61,202.34,142.81,2.36,00:00:13.2643900
0.49,0.39,2.18,87.46,208.4,148.89,2.36,00:00:13.3002620
0.49,0.38,2.18,87.37,214.25,154.77,2.36,00:00:13.3314130
0.49,0.38,2.18,87.14,217.22,157.91,2.36,00:00:13.3670030
0.49,0.38,2.18,86.76,220.73,161.64,2.36,00:00:13.4002700
0.49,0.38,2.18,86.61,223.95,164.98,2.36,00:00:13.4403440
0.49,0.38,2.18,86.63,225.4,166.5,2.36,00:00:13.4669450
0.48,0.38,2.18,86.51,224.53,165.74,2.36,00:00:13.5018200
0.48,0.38,2.18,86.25,222.51,163.87,2.36,00:00:13.5409360
0.48,0.38,2.18,86.13,221.87,163.26,2.36,00:00:13.5677250
0.48,0.38,2.18,86.08,222.99,164.3,2.36,00:00:13.5975540
0.48,0.38,2.18,85.98,224.74,165.95,2.35,00:00:13.6405490
0.48,0.38,2.18,85.89,225.68,166.81,2.35,00:00:13.6794330
0.47,0.37,2.18,85.67,225.96,167.09,2.35,00:00:13.7002060
0.47,0.37,2.18,85.42,226.54,167.68,2.35,00:00:13.7332350
0.47,0.37,2.18,85.31,227.21,168.32,2.35,00:00:13.7707110
0.47,0.37,2.18,85.28,226.7,167.75,2.35,00:00:13.8006450
0.47,0.37,2.18,85.3,226.03,167.06,2.35,00:00:13.8311530
0.47,0.37,2.18,85.29,226.27,167.28,2.35,00:00:13.8658130
0.47,0.37,2.18,85.29,226.03,167.09,2.35,00:00:13.9000520
0.46,0.37,2.18,85.26,225.52,166.66,2.35,00:00:13.9398450
0.46,0.37,2.18,85.28,224.86,166.05,2.35,00:00:13.9690180
0.46,0.37,2.18,85.39,224.59,165.74,2.35,00:00:14.0001740
0.46,0.37,2.18,85.51,225.87,166.9,2.35,00:00:14.0402450
0.46,0.37,2.18,85.58,226.55,167.5,2.35,00:00:14.0773970
0.46,0.37,2.18,85.62,226.17,167.06,2.35,00:00:14.1029410
0.46,0.37,2.18,85.74,225.27,166.07,2.35,00:00:14.1340720
0.46,0.37,2.18,85.83,224.27,164.95,2.35,00:00:14.1662480
0.46,0.38,2.18,85.95,223.15,163.68,2.35,00:00:14.1987720
0.46,0.38,2.18,86.12,222.02,162.37,2.35,00:00:14.2305240
0.46,0.38,2.18,86.22,222.58,162.79,2.35,00:00:14.2672680
0.46,0.38,2.18,86.24,225.05,165.12,2.35,00:00:14.3020530
0.46,0.38,2.18,86.29,227.96,167.9,2.35,00:00:14.3327340
0.46,0.38,2.18,86.48,229.23,169.06,2.35,00:00:14.3683960
0.46,0.38,2.18,86.54,230.41,170.2,2.35,00:00:14.4002390
0.47,0.38,2.18,86.68,233.38,173.08,2.36,00:00:14.4500230
0.47,0.38,2.18,86.88,234.67,174.32,2.36,00:00:14.4860170
0.47,0.38,2.18,87.01,227.64,167.4,2.36,00:00:14.5105900
0.47,0.38,2.18,87.09,215.68,155.65,2.36,00:00:14.5405760
0.47,0.38,2.18,87.08,202.99,143.2,2.36,00:00:14.5656330
0.47,0.38,2.18,87.21,194.51,134.7,2.36,00:00:14.6016190
0.47,0.39,2.18,87.39,187.72,127.83,2.36,00:00:14.6419970
0.47,0.39,2.18,87.54,184.44,124.53,2.36,00:00:14.6658960
0.47,0.39,2.18,87.61,186.84,126.94,2.36,00:00:14.7004670
0.47,0.39,2.18,87.69,186.07,126.22,2.36,00:00:14.7311540
0.47,0.39,2.18,87.76,184.02,124.23,2.36,00:00:14.7654200
0.47,0.39,2.18,87.86,181.57,121.8,2.36,00:00:14.7978620
0.47,0.39,2.18,88.04,177.82,118.02,2.36,00:00:14.8415060
0.48,0.39,2.18,88.17,174.42,114.6,2.36,00:00:14.8845860
0.48,0.4,2.18,88.34,165.69,105.8,2.36,00:00:14.8996420
0.48,0.4,2.18,88.54,142.97,82.76,2.37,00:00:14.9327560
0.48,0.41,2.18,87.96,108.71,48.06,2.37,00:00:14.9818020
0.48,0.41,2.18,86.69,94.64,33.66,2.37,00:00:15.0042300
0.48,0.42,2.18,85.23,86.52,25.31,2.37,00:00:15.0326860
0.49,0.43,2.18,83.31,79.27,17.82,2.38,00:00:15.0673580
0.49,0.45,2.18,81.11,75.84,14.25,2.38,00:00:15.0977630
0.49,0.47,2.18,78.41,73.06,11.21,2.39,00:00:15.1436440
0.5,0.48,2.18,75.01,71.44,9.2,2.4,00:00:15.1663770
0.5,0.5,2.18,71.33,70.14,7.38,2.41,00:00:15.1984410
0.51,0.53,2.19,67.41,68.04,4.68,2.42,00:00:15.2407590
0.51,0.55,2.19,63.2,66.08,2.25,2.43,00:00:15.2662260
0.52,0.57,2.19,59.57,65.54,1.44,2.44,00:00:15.3004090
0.53,0.59,2.19,54.84,65.43,1.42,2.45,00:00:15.3317950
0.53,0.62,2.19,50.22,65.51,1.85,2.46,00:00:15.3704900
0.54,0.64,2.19,46.47,65.5,1.74,2.47,00:00:15.3988380
0.55,0.66,2.19,42.86,65.19,0.81,2.48,00:00:15.4413310
0.56,0.68,2.2,39.44,64.85,359.67,2.5,00:00:15.4693980
0.57,0.71,2.2,36.48,64.56,359,2.51,00:00:15.4985650
0.58,0.72,2.2,34.07,64.32,358.65,2.52,00:00:15.5312600
0.59,0.74,2.21,31.68,64.17,358.33,2.54,00:00:15.5643060
0.61,0.76,2.22,29.18,64.27,358.28,2.55,00:00:15.5988860
0.62,0.77,2.22,27.04,64.49,358.5,2.57,00:00:15.6306630
0.64,0.79,2.23,25.16,64.78,358.93,2.58,00:00:15.6653640
0.66,0.8,2.25,23.05,65.08,359.2,2.6,00:00:15.6997020
0.68,0.81,2.26,21.2,65.22,359,2.62,00:00:15.7331450
0.7,0.81,2.27,19.29,65.57,358.99,2.64,00:00:15.7660680
0.72,0.82,2.28,17.37,65.91,359.18,2.65,00:00:15.7983620
0.75,0.83,2.3,15.4,66.39,359.6,2.67,00:00:15.8315380
0.77,0.83,2.31,13.87,67.3,0.46,2.69,00:00:15.8655820
0.79,0.85,2.33,12.29,68.34,1.24,2.72,00:00:15.8979150
0.82,0.86,2.35,11.38,68.8,1.74,2.74,00:00:15.9398630
0.84,0.86,2.36,11,68.8,2.15,2.76,00:00:15.9738990
0.87,0.87,2.38,11,69.26,2.81,2.79,00:00:15.9981250
0.9,0.87,2.4,10.69,69.37,3.17,2.81,00:00:16.0401550
0.92,0.88,2.42,10.33,68.75,3.39,2.84,00:00:16.0648240
0.94,0.89,2.44,10.68,67.66,3.71,2.86,00:00:16.0997780
0.95,0.9,2.47,11.02,66.45,4,2.89,00:00:16.1311040
0.97,0.91,2.49,10.96,65.26,4.17,2.92,00:00:16.1688680
0.99,0.92,2.51,11.05,63.55,4.07,2.94,00:00:16.1984680
1,0.93,2.53,11.53,61.19,3.88,2.97,00:00:16.2403610
1,0.93,2.56,12.22,58.26,3.69,2.99,00:00:16.2644620
1.01,0.94,2.58,12.83,54.99,3.63,3.02,00:00:16.2974850
1.01,0.94,2.61,13.12,51.49,3.66,3.04,00:00:16.3304690
1.01,0.95,2.63,13.45,47.81,3.68,3.07,00:00:16.3654930
1,0.95,2.66,13.32,43.77,3.5,3.09,00:00:16.4024790
0.99,0.95,2.68,13.23,39.4,3.33,3.11,00:00:16.4389240
0.99,0.95,2.7,13.12,34.51,3.19,3.12,00:00:16.4653350
0.98,0.95,2.72,13.31,29.14,2.72,3.14,00:00:16.5003660
0.96,0.96,2.74,13.37,23,1.58,3.15,00:00:16.5319290
0.95,0.96,2.75,13.38,17.14,0.81,3.16,00:00:16.5656170
0.94,0.96,2.76,13.53,12,0.8,3.17,00:00:16.6000570
0.93,0.96,2.77,13.43,7.1,1,3.18,00:00:16.6471580
0.91,0.96,2.78,13.59,2.02,1.25,3.18,00:00:16.6663910
0.9,0.96,2.78,15.34,356.96,1.7,3.19,00:00:16.6994960
0.89,0.96,2.79,15.43,352.1,1.53,3.19,00:00:16.7312530
0.88,0.97,2.79,14.62,348.35,1.08,3.19,00:00:16.7654750
0.88,0.97,2.79,14.32,345.13,1.07,3.19,00:00:16.7997620
0.87,0.98,2.8,14.41,342.64,1.33,3.2,00:00:16.8315050
0.86,0.98,2.8,14.32,339.8,1.21,3.2,00:00:16.8851770
0.86,0.98,2.81,14.73,336.51,0.74,3.21,00:00:16.9040960
0.85,0.98,2.82,15.66,334.07,0.64,3.22,00:00:16.9395430
0.84,0.98,2.83,16.37,332.57,0.75,3.22,00:00:16.9655730
0.83,0.98,2.84,16.48,331.35,0.55,3.23,00:00:17.0044260
0.82,0.97,2.86,16.63,330.67,0.33,3.24,00:00:17.0335380
0.82,0.97,2.87,17.07,330.59,0.42,3.25,00:00:17.0654400
0.81,0.96,2.89,17.33,330.55,0.55,3.26,00:00:17.0989520
0.79,0.96,2.91,17.34,330.31,0.51,3.28,00:00:17.1320460
0.78,0.95,2.93,17.29,330.01,0.42,3.29,00:00:17.1649210
0.77,0.95,2.95,17.23,329.8,0.31,3.31,00:00:17.1967160
0.74,0.94,2.97,17.03,329.59,0,3.32,00:00:17.2391950
0.72,0.94,2.99,16.77,329.33,359.45,3.34,00:00:17.2651880
0.7,0.94,3.02,16.43,329.22,359.18,3.36,00:00:17.2997320
0.69,0.94,3.05,16.51,329.48,359.5,3.38,00:00:17.3301460
0.67,0.94,3.07,17.1,329.85,0.07,3.4,00:00:17.3646540
0.63,0.94,3.11,18.03,330.2,0.42,3.43,00:00:17.3971210
0.61,0.95,3.13,18.55,330.78,0.57,3.46,00:00:17.4309950
0.59,0.96,3.16,18.21,331.34,0.47,3.49,00:00:17.4644780
0.57,0.96,3.19,17.97,331.95,0.25,3.52,00:00:17.4971100
0.55,0.97,3.22,18.23,332.38,359.79,3.54,00:00:17.5308700
0.54,0.98,3.25,18.49,332.69,359.44,3.57,00:00:17.5641200
0.52,0.98,3.28,18.94,333.36,359.72,3.6,00:00:17.5971470
0.5,0.98,3.32,19.94,334.3,0.71,3.64,00:00:17.6399350
0.48,0.98,3.35,21.21,335.08,1.66,3.67,00:00:17.6647430
0.46,0.98,3.39,21.85,335.55,2.06,3.7,00:00:17.6984000
0.44,0.98,3.43,21.42,335.86,1.99,3.73,00:00:17.7307390
0.42,0.97,3.47,20.81,336.2,1.83,3.77,00:00:17.7645160
0.39,0.97,3.51,19.94,336.4,1.74,3.81,00:00:17.7983520
0.37,0.97,3.55,19.1,336.42,1.76,3.84,00:00:17.8343140
0.35,0.97,3.59,18.65,336.27,1.77,3.88,00:00:17.8649410
0.33,0.98,3.63,17.92,335.34,1.15,3.92,00:00:17.9001720
0.31,0.98,3.67,17.19,333.89,0.21,3.96,00:00:17.9323260
0.28,0.99,3.71,16.86,333.46,359.92,4,00:00:17.9654600
0.26,0.99,3.75,15.49,333.47,359.89,4.04,00:00:18.0109170
0.24,1,3.78,15.06,333.41,0.28,4.07,00:00:18.0314650
0.21,1,3.82,16.77,333.48,0.89,4.11,00:00:18.0645100
0.19,1,3.86,17.75,332.97,0.57,4.14,00:00:18.0986830
0.16,1,3.89,17.11,332.05,359.58,4.18,00:00:18.1394650
0.14,1,3.93,16.94,331.79,359.34,4.21,00:00:18.1654000
0.11,1,3.96,17.26,331.65,359.87,4.25,00:00:18.1994790
0.09,0.99,4,17.35,331.35,0.56,4.28,00:00:18.2322220
0.06,0.99,4.04,17.54,331.18,1.14,4.32,00:00:18.2667370
0.02,0.98,4.09,17.33,331.01,1.32,4.36,00:00:18.3067910
0.01,0.98,4.11,16.19,330.71,1,4.38,00:00:18.3373500
-0.02,0.98,4.14,14.98,330.75,0.93,4.42,00:00:18.3633960
-0.05,0.98,4.18,14.33,331.39,1.51,4.46,00:00:18.4004420
-0.08,0.98,4.22,13.66,332.34,2.14,4.5,00:00:18.4339510
-0.1,0.99,4.26,13.87,333.24,2.21,4.54,00:00:18.4672890
-0.14,1,4.32,13.78,333.56,1.63,4.6,00:00:18.5065080
-0.16,1,4.35,13.38,333.57,1.05,4.64,00:00:18.5325960
-0.19,1.01,4.39,14.2,333.96,1.07,4.68,00:00:18.5667120
-0.21,1.01,4.43,14.96,334.78,1.68,4.72,00:00:18.5985220
-0.24,1.02,4.47,15.33,335.27,2.23,4.77,00:00:18.6324060
-0.26,1.02,4.51,15.61,335.16,2.3,4.81,00:00:18.6647710
-0.28,1.02,4.55,15.51,334.75,1.65,4.85,00:00:18.6970750
-0.32,1.01,4.6,14.99,334.69,0.84,4.9,00:00:18.7309530
-0.34,1.01,4.64,14.49,334.87,0.06,4.94,00:00:18.7632650
-0.38,1,4.69,14.25,334.85,359.47,4.99,00:00:18.7969310
-0.4,1,4.73,14.3,334.6,359.22,5.03,00:00:18.8397720
-0.43,0.99,4.78,14.39,334.38,359.34,5.07,00:00:18.8638290
-0.45,0.99,4.82,14.03,334.13,359.56,5.12,00:00:18.9056690
-0.49,0.99,4.86,13.84,333.74,0.03,5.17,00:00:18.9339570
-0.51,1,4.91,14.15,333.81,0.68,5.21,00:00:18.9660140
-0.53,1,4.94,13.12,333.41,0.8,5.25,00:00:18.9974450
-0.56,1.01,4.98,12.88,332.32,0.52,5.29,00:00:19.0298620
-0.58,1.01,5.02,14.53,331.4,359.96,5.33,00:00:19.0644540
-0.61,1.01,5.06,14.8,330.53,358.83,5.37,00:00:19.1110120
-0.64,1.01,5.1,13.68,330.16,357.97,5.42,00:00:19.1441190
-0.66,1.01,5.14,13.27,330.69,358.11,5.46,00:00:19.1737090
-0.68,1.01,5.17,13.19,331.03,358.49,5.5,00:00:19.1980160
-0.71,1,5.21,12.76,330.83,358.79,5.54,00:00:19.2304980
-0.73,1,5.25,12.22,330.39,359.02,5.58,00:00:19.2638630
-0.76,0.99,5.3,11.42,329.92,359.14,5.62,00:00:19.2976350
-0.78,0.99,5.34,11.45,330,359.52,5.67,00:00:19.3353110
-0.78,0.98,5.34,11.3,330.8,359.95,5.67,00:00:19.3640480
-0.79,0.98,5.36,10.41,331.54,0.05,5.69,00:00:19.3979370
-0.81,0.98,5.4,10.59,332.09,0.1,5.73,00:00:19.4402350
-0.83,0.99,5.44,10.87,332.34,359.75,5.78,00:00:19.4726060
-0.86,0.99,5.48,9.91,332.72,359.37,5.82,00:00:19.4979000
-0.88,1,5.52,10.23,333.47,359.51,5.87,00:00:19.5294290
-0.9,1.01,5.56,11.66,334.2,359.81,5.91,00:00:19.5643060
-0.92,1.01,5.6,12.29,334.68,359.85,5.95,00:00:19.5958390
-0.93,1.02,5.64,12.75,334.87,359.86,5.99,00:00:19.6295350
-0.95,1.02,5.67,13.4,334.93,359.83,6.02,00:00:19.6632170
-0.97,1.02,5.71,13.66,334.99,359.64,6.06,00:00:19.6963570
-0.98,1.01,5.74,13.66,335.06,359.36,6.1,00:00:19.7323220
-1,1.01,5.78,13.58,334.88,358.92,6.13,00:00:19.7639420
-1.02,1,5.82,13.37,334.38,358.44,6.17,00:00:19.8000040
-1.04,1,5.85,13.37,333.52,357.92,6.21,00:00:19.8329390
-1.05,1,5.88,13.27,332.05,357.16,6.24,00:00:19.8668320
-1.08,0.99,5.93,12.69,331.18,356.83,6.29,00:00:19.8981900
-1.09,0.99,5.96,12.81,331.55,357.19,6.33,00:00:19.9302750
-1.11,0.99,6,12.91,332.89,357.25,6.36,00:00:19.9632010
-1.12,1,6.04,11.48,333.75,356.19,6.4,00:00:19.9969710
-1.13,1.01,6.07,11.52,334.33,355.1,6.44,00:00:20.0329270
-1.13,1.01,6.1,12.35,335.27,354.31,6.47,00:00:20.0645950
-1.14,1.02,6.13,12.26,337.27,353.91,6.5,00:00:20.0991050
-1.14,1.02,6.16,11.94,340.61,353.9,6.53,00:00:20.1530250
-1.13,1.03,6.19,11.81,344.52,353.77,6.56,00:00:20.1738370
-1.13,1.03,6.22,11.92,348.28,353.12,6.59,00:00:20.1986650
-1.12,1.03,6.25,12.26,351.83,352.09,6.61,00:00:20.2313960
-1.11,1.02,6.28,12.85,355.5,351.24,6.64,00:00:20.2668710
-1.09,1.02,6.31,13.53,359.46,350.82,6.66,00:00:20.2981390
-1.08,1.01,6.34,13.72,3.62,350.59,6.69,00:00:20.3305470
-1.07,1,6.37,13.8,8.28,350.65,6.71,00:00:20.3638490
-1.05,1,6.39,13.83,13.34,350.93,6.73,00:00:20.3970210
-1.03,1,6.4,14.07,17.32,351.03,6.73,00:00:20.4317130
-1,0.99,6.43,14.66,22.34,351.11,6.75,00:00:20.4660310
-0.98,0.99,6.44,14.3,27.26,351.45,6.76,00:00:20.4975640
-0.96,0.99,6.46,13.6,32.88,352.25,6.77,00:00:20.5326990
-0.94,0.98,6.46,14.1,38.52,353.03,6.77,00:00:20.5652240
-0.92,0.98,6.47,13.92,43.34,352.99,6.77,00:00:20.5981720
-0.88,0.99,6.44,13.39,47.51,352.82,6.74,00:00:20.6303040
-0.86,0.99,6.44,14.41,51.33,353.31,6.74,00:00:20.6666060
-0.84,0.99,6.44,15.3,54.13,353.82,6.73,00:00:20.6991160
-0.82,0.99,6.44,15.62,56.41,354.52,6.73,00:00:20.7298700
-0.79,0.99,6.42,16.26,59.09,355.69,6.7,00:00:20.7645700
-0.77,0.98,6.42,17.32,62.01,357.08,6.7,00:00:20.7975200
-0.75,0.98,6.43,18.17,64.44,357.88,6.7,00:00:20.8399100
-0.72,0.98,6.43,18.97,66.26,358.21,6.69,00:00:20.8635470
-0.7,0.97,6.43,19.81,67.77,358.53,6.69,00:00:20.8967650
-0.67,0.97,6.44,20.8,68.65,358.75,6.69,00:00:20.9314910
-0.65,0.96,6.44,21.85,69.25,359.03,6.69,00:00:20.9649800
-0.62,0.95,6.45,23.37,69.79,359.58,6.7,00:00:20.9991480
-0.59,0.95,6.46,24.67,69.69,359.8,6.7,00:00:21.0323690
-0.57,0.94,6.47,25.47,68.49,359.36,6.7,00:00:21.0691940
-0.55,0.93,6.48,27.68,66.91,359.39,6.71,00:00:21.0976390
-0.52,0.93,6.49,30.7,65.85,359.82,6.72,00:00:21.1300510
-0.5,0.92,6.51,31.8,64.94,359.97,6.73,00:00:21.1634260
-0.47,0.91,6.52,32.56,63.74,359.91,6.74,00:00:21.1968330
-0.45,0.91,6.54,35.2,62.51,359.94,6.75,00:00:21.2332900
-0.44,0.89,6.56,37.54,61.24,359.65,6.77,00:00:21.2687210
-0.41,0.89,6.58,39.06,60.35,359.34,6.78,00:00:21.3122160
-0.38,0.87,6.61,42.06,60.31,359.85,6.81,00:00:21.3610900
-0.36,0.86,6.63,45.58,60.67,0.68,6.82,00:00:21.3699700
-0.34,0.84,6.65,48.48,60.8,1.17,6.83,00:00:21.4152590
-0.32,0.83,6.67,50.66,60.77,1.29,6.85,00:00:21.4528770
-0.3,0.81,6.69,53.23,61.41,1.94,6.86,00:00:21.4776370
-0.28,0.79,6.71,55.57,60.57,0.91,6.87,00:00:21.4991920
-0.26,0.78,6.72,57.6,58.76,358.76,6.89,00:00:21.5305040
-0.24,0.76,6.74,60.1,59.62,359.23,6.9,00:00:21.5832440
-0.24,0.75,6.76,63.08,62.41,1.5,6.91,00:00:21.6209730
-0.23,0.73,6.77,64.91,63.79,2.05,6.92,00:00:21.6432610
-0.22,0.71,6.78,66.23,63.92,1.28,6.93,00:00:21.6632940
-0.21,0.7,6.8,69.34,63.46,0.38,6.94,00:00:21.7241770
-0.2,0.68,6.81,72.99,63.13,0.14,6.95,00:00:21.7691030
-0.15,0.66,6.83,74.9,63.39,0.3,6.96,00:00:21.7975690
-0.14,0.64,6.84,76.64,65.55,2.81,6.97,00:00:21.8293810
-0.13,0.61,6.85,80.99,68.92,7.08,6.98,00:00:21.8645580
-0.12,0.59,6.86,82.03,70.86,9.09,6.98,00:00:21.8964460
-0.12,0.58,6.87,83.37,74.61,12.82,6.98,00:00:21.9352290
-0.09,0.55,6.87,83.93,80.49,18.67,6.99,00:00:21.9625750
-0.09,0.54,6.88,84.26,86.79,25.13,6.99,00:00:21.9970530
-0.07,0.52,6.88,85.19,92.46,31.29,6.99,00:00:22.0298380
-0.07,0.5,6.89,85.79,96.61,35.96,6.99,00:00:22.0632060
-0.06,0.49,6.89,86.29,101.09,40.97,6.99,00:00:22.1079830
-0.05,0.47,6.89,86.83,105.8,46.14,6.99,00:00:22.1403210
-0.05,0.46,6.9,87.11,109.78,50.56,6.99,00:00:22.1625040
-0.04,0.45,6.9,87.29,114.27,55.48,6.99,00:00:22.1961670
-0.04,0.43,6.9,87.22,120.44,61.93,6.99,00:00:22.2411270
-0.03,0.42,6.9,87.16,125.17,66.78,6.99,00:00:22.2769200
-0.03,0.41,6.9,87.32,126.37,67.99,6.99,00:00:22.2968240
-0.03,0.4,6.91,87.65,128.81,70.35,6.99,00:00:22.3327220
-0.02,0.39,6.91,87.98,131.73,73.14,6.99,00:00:22.3638160
-0.02,0.38,6.91,88.2,134.83,76.2,6.99,00:00:22.3971180
-0.02,0.37,6.91,87.89,141.91,83.24,6.99,00:00:22.4292430
-0.01,0.36,6.91,87.15,149.37,90.73,6.99,00:00:22.4651040
-0.01,0.35,6.91,86.72,155.28,96.68,6.99,00:00:22.5053050
-0.01,0.34,6.91,86.75,161.31,102.62,6.98,00:00:22.5296930
-0.01,0.33,6.9,86.88,168.03,109.23,6.98,00:00:22.5744850
-0.01,0.31,6.9,86.95,174.47,115.59,6.98,00:00:22.6102460
-0.01,0.3,6.9,86.97,179.2,120.36,6.98,00:00:22.6367780
-0.01,0.3,6.9,86.99,182.61,123.83,6.98,00:00:22.6740180
-0.01,0.29,6.9,87.05,186.07,127.31,6.98,00:00:22.7208570
-0.01,0.28,6.9,87.23,192.52,133.77,6.97,00:00:22.7612350
-0.01,0.27,6.9,87.38,206.29,147.6,6.97,00:00:22.8161510
-0.01,0.26,6.9,87.37,213.38,154.82,6.97,00:00:22.8460870
-0.01,0.25,6.9,87.32,208.17,149.78,6.97,00:00:22.8795340
-0.01,0.24,6.9,87.23,204.52,146.11,6.97,00:00:22.8965110
-0.01,0.24,6.9,87.35,207.33,148.76,6.97,00:00:22.9332710
-0.01,0.24,6.9,87.16,205.2,146.77,6.97,00:00:22.9657780
-0.02,0.24,6.9,86.78,200.62,142.34,6.97,00:00:22.9986330
-0.02,0.25,6.9,86.63,201.11,142.89,6.97,00:00:23.0316480
-0.02,0.25,6.9,86.78,207.64,149.32,6.97,00:00:23.0683640
-0.02,0.26,6.9,86.99,213.34,154.95,6.97,00:00:23.0970100
-0.02,0.28,6.9,87.12,213.17,154.93,6.97,00:00:23.1458940
-0.02,0.29,6.9,87.11,213.01,155.17,6.98,00:00:23.1718980
-0.02,0.3,6.9,87.16,206.63,149.22,6.98,00:00:23.2142940
-0.02,0.32,6.9,87.22,194.06,136.82,6.98,00:00:23.2456900
-0.02,0.33,6.9,87.25,188.56,131.3,6.98,00:00:23.2807420
-0.02,0.35,6.9,87.69,188.85,131.44,6.98,00:00:23.3237480
-0.02,0.37,6.9,88.41,189.97,132.39,6.99,00:00:23.3817690
-0.02,0.38,6.9,88.91,195.97,138.34,6.99,00:00:23.4239860
-0.02,0.4,6.9,88.98,205.07,147.59,6.99,00:00:23.4538000
-0.02,0.43,6.9,89.56,195.59,138.12,6.99,00:00:23.4783330
-0.02,0.44,6.9,89.53,193.12,135.63,7,00:00:23.5099220
-0.02,0.45,6.9,89.09,190.48,133.18,7,00:00:23.5605040
-0.02,0.46,6.9,88.59,190.56,133.52,7,00:00:23.5990270
-0.02,0.47,6.9,88.38,180.22,123.24,7,00:00:23.6302750
-0.02,0.48,6.9,88.3,164.16,106.95,7,00:00:23.6629400
-0.03,0.49,6.9,87.96,141.41,83.51,7,00:00:23.6992070
-0.03,0.5,6.9,87.92,129.58,71.43,7,00:00:23.7387190
-0.03,0.51,6.89,88.37,127.14,68.87,7,00:00:23.7737520
-0.03,0.51,6.89,89.11,119.95,61.58,6.99,00:00:23.8191090
-0.03,0.51,6.89,89.4,92.38,33.98,6.99,00:00:23.8617190
-0.03,0.52,6.89,89.46,97.66,39.39,6.99,00:00:23.8835500
-0.03,0.52,6.89,89.4,108.62,50.45,6.99,00:00:23.9028780
-0.03,0.52,6.89,89.29,92.2,33.99,6.99,00:00:23.9322130
-0.03,0.52,6.88,89.14,84.33,26.07,6.99,00:00:23.9647780
-0.03,0.52,6.88,89.17,94.87,36.69,6.99,00:00:24.0112080
-0.03,0.52,6.88,89.17,84.87,26.75,6.98,00:00:24.0358200
-0.03,0.52,6.88,89.29,68.44,10.39,6.98,00:00:24.0653580
-0.03,0.52,6.88,89.38,57.97,0.07,6.98,00:00:24.0970430
-0.03,0.52,6.88,89.23,59.8,2,6.98,00:00:24.1424530
-0.03,0.52,6.87,89.2,49.99,352.24,6.98,00:00:24.1740810
-0.03,0.52,6.87,89.11,21.13,323.51,6.98,00:00:24.1974600
-0.03,0.52,6.87,88.46,34.48,336.76,6.98,00:00:24.2439000
-0.03,0.53,6.87,87.95,50.55,352.81,6.98,00:00:24.2815150
-0.03,0.53,6.87,87.84,63.76,6.3,6.98,00:00:24.3104810
-0.03,0.53,6.87,87.6,68.66,11.38,6.97,00:00:24.3508510
-0.03,0.53,6.87,87.29,68.76,11.49,6.97,00:00:24.3696840
-0.03,0.53,6.87,87.04,70.35,13.08,6.97,00:00:24.3961830
-0.03,0.54,6.87,86.84,71.1,13.85,6.97,00:00:24.4303050
-0.02,0.54,6.87,86.85,68.43,11.27,6.97,00:00:24.4883780
-0.02,0.55,6.87,86.79,64.27,7.22,6.97,00:00:24.5314170
-0.02,0.55,6.87,86.72,60.5,3.59,6.97,00:00:24.5847810
-0.02,0.56,6.87,86.64,56.51,359.74,6.97,00:00:24.6122100
-0.02,0.57,6.87,86.22,45.58,348.82,6.98,00:00:24.6390160
-0.02,0.57,6.87,85.54,42.06,345.19,6.98,00:00:24.6630140
-0.02,0.58,6.87,84.6,47.12,350.17,6.98,00:00:24.6972040
-0.02,0.59,6.86,83.38,52.74,355.77,6.98,00:00:24.7420060
-0.02,0.61,6.86,81.76,55.12,358.08,6.98,00:00:24.7709920
-0.02,0.62,6.86,78.82,57.16,359.85,6.98,00:00:24.8027040
-0.02,0.64,6.86,75.44,59.04,1.37,6.98,00:00:24.8460190
-0.02,0.66,6.86,72.72,61.14,3.1,6.99,00:00:24.8837160
-0.01,0.68,6.87,69.29,62.84,4.28,6.99,00:00:24.9059600
-0.01,0.7,6.87,64.68,63.22,4.01,7,00:00:24.9306430
-0.01,0.72,6.87,61.17,62.7,3.06,7.01,00:00:24.9637420
-0.01,0.74,6.88,57.37,62.07,2.25,7.01,00:00:24.9969780
0,0.76,6.89,53.35,62.16,2.8,7.03,00:00:25.0287200
0,0.79,6.89,49.54,61.92,3.3,7.04,00:00:25.0637240
0,0.81,6.91,45.62,60.54,3.14,7.05,00:00:25.0960070
0,0.84,6.92,40.95,57.57,2.12,7.07,00:00:25.1288610
0,0.86,6.93,37.81,54.5,1.2,7.09,00:00:25.1631720
0,0.88,6.95,34.64,51.07,0.34,7.11,00:00:25.1967300
-0.01,0.89,6.96,31.88,48.13,359.95,7.12,00:00:25.2395350
-0.01,0.9,6.98,29.42,44.84,359.96,7.14,00:00:25.2641300
-0.02,0.92,7,26.85,41.35,0.11,7.16,00:00:25.2959050
-0.03,0.93,7.02,24.79,37.53,0.24,7.18,00:00:25.3302640
-0.04,0.94,7.04,23.68,32.88,0.13,7.21,00:00:25.3633430
-0.05,0.95,7.05,22.49,28.19,359.61,7.23,00:00:25.3976380
-0.06,0.95,7.07,21.22,23.23,359.17,7.24,00:00:25.4290230
-0.07,0.96,7.08,20.73,18.43,359.13,7.26,00:00:25.4655490
-0.09,0.96,7.1,20.25,13.21,358.95,7.27,00:00:25.4974380
-0.1,0.97,7.11,19.38,7.5,358.63,7.29,00:00:25.5285660
-0.11,0.97,7.12,18.69,2.01,358.45,7.3,00:00:25.5643910
-0.13,0.97,7.13,18.57,357.5,358.68,7.31,00:00:25.5968820
-0.15,0.97,7.14,17.71,352.78,358.14,7.32,00:00:25.6283830
-0.16,0.98,7.15,15.62,347.73,357.06,7.33,00:00:25.6633060
-0.18,0.98,7.15,13.53,343.2,356.49,7.34,00:00:25.6968200
-0.19,0.98,7.16,12.75,338.59,356.44,7.34,00:00:25.7287270
-0.2,0.98,7.16,14.47,333.88,356.91,7.35,00:00:25.7647700
-0.21,0.98,7.16,15.03,329.82,356.87,7.35,00:00:25.7966500
-0.21,0.98,7.16,14.34,326.49,356.26,7.35,00:00:25.8304230
-0.21,0.98,7.17,14.68,324.21,356.11,7.36,00:00:25.8635570
-0.22,0.98,7.18,15.15,323.76,357.1,7.37,00:00:25.8958630
-0.22,0.98,7.19,15.22,324.13,358.45,7.38,00:00:25.9290920
-0.23,0.98,7.21,15.71,324.14,358.95,7.39,00:00:25.9621070
-0.24,0.98,7.22,16.37,323.8,358.62,7.41,00:00:25.9957500
-0.24,0.97,7.24,16.36,323.38,357.93,7.42,00:00:26.0414340
-0.25,0.97,7.25,16.41,323.25,357.53,7.44,00:00:26.0645270
-0.26,0.97,7.27,16.71,323.33,357.7,7.46,00:00:26.0968460
-0.28,0.97,7.29,16.54,323.31,357.9,7.48,00:00:26.1283340
-0.3,0.96,7.31,15.96,323.33,357.77,7.5,00:00:26.1615070
-0.32,0.96,7.33,15.25,323.47,357.54,7.52,00:00:26.1961930
-0.34,0.96,7.35,14.42,323.61,357.26,7.54,00:00:26.2290620
-0.36,0.96,7.37,13.83,323.83,357.2,7.56,00:00:26.2622860
-0.38,0.96,7.39,13.76,323.99,357.39,7.59,00:00:26.2974550
-0.4,0.97,7.43,14.07,324.18,357.57,7.62,00:00:26.3297480
-0.42,0.97,7.45,15.11,324.15,357.62,7.65,00:00:26.3638200
-0.45,0.98,7.48,16.14,324,357.37,7.68,00:00:26.3956390
-0.47,0.98,7.5,16.51,323.97,357.25,7.71,00:00:26.4389110
-0.49,0.99,7.53,17.06,324.41,357.49,7.73,00:00:26.4611330
-0.5,0.99,7.55,17.78,325.1,357.67,7.75,00:00:26.4971360
-0.52,1,7.57,18.07,326.04,357.97,7.78,00:00:26.5302950
-0.54,1,7.6,18.1,327,358.46,7.81,00:00:26.5620700
-0.56,1,7.62,18.34,327.7,358.92,7.84,00:00:26.5987380
-0.58,1,7.65,18.68,328.13,359.13,7.87,00:00:26.6402820
-0.6,1,7.68,18.4,328.37,359.1,7.9,00:00:26.6636650
-0.63,1,7.71,17.98,328.47,358.88,7.93,00:00:26.6984040
-0.64,1,7.74,17.45,328.77,358.69,7.96,00:00:26.7336420
-0.66,1,7.77,16.51,329.2,358.55,8,00:00:26.7620020
-0.69,0.99,7.81,15.82,329.59,358.46,8.03,00:00:26.7958870
-0.71,0.99,7.84,15.38,329.74,358.23,8.07,00:00:26.8297380
-0.73,1,7.88,14.71,329.11,357.32,8.11,00:00:26.8628520
-0.75,1,7.91,14.41,328.02,356.55,8.14,00:00:26.8966210
-0.78,1,7.95,15.64,327.84,357.06,8.19,00:00:26.9287920
-0.81,1,7.99,15.87,328.17,357.61,8.22,00:00:26.9652860
-0.83,1.01,8.02,15.44,328.28,357.84,8.26,00:00:26.9962660
-0.85,1.01,8.06,16.73,328.24,358.2,8.3,00:00:27.0318590
-0.88,1.02,8.1,17.77,327.79,358.02,8.35,00:00:27.0623370
-0.91,1.02,8.13,17.4,327.3,357.52,8.39,00:00:27.0948560
-0.93,1.03,8.17,17.15,327.68,357.87,8.43,00:00:27.1301750
-0.96,1.02,8.21,16.89,328.24,358.54,8.46,00:00:27.1609800
-0.99,1.02,8.24,16.4,328.46,358.88,8.5,00:00:27.1971330
-1.01,1.01,8.28,16.07,328.54,358.98,8.54,00:00:27.2356720
-1.04,1.01,8.32,15.58,328.41,358.68,8.59,00:00:27.2655700
-1.07,1.01,8.36,14.88,328.19,358.15,8.63,00:00:27.2956950
-1.1,1.01,8.4,14.23,328.02,357.72,8.67,00:00:27.3302480
-1.14,1.01,8.44,14.09,327.41,357.45,8.72,00:00:27.3641890
-1.17,1.01,8.48,14.18,326.91,357.56,8.76,00:00:27.4191190
-1.19,1.01,8.52,14.5,326.8,357.52,8.81,00:00:27.4552290
-1.22,1.02,8.56,14.78,326.99,357.26,8.85,00:00:27.4758560
-1.25,1.02,8.59,14.67,327.28,356.77,8.89,00:00:27.4962000
-1.27,1.03,8.63,15.28,328.14,356.86,8.93,00:00:27.5302210
-1.3,1.03,8.67,16.31,329.27,357.52,8.98,00:00:27.5625900
-1.33,1.04,8.71,16.42,329.91,358.11,9.02,00:00:27.5967030
-1.36,1.04,8.75,16.52,329.93,358.44,9.06,00:00:27.6500760
-1.38,1.04,8.78,16.93,329.67,358.37,9.1,00:00:27.6706750
-1.41,1.04,8.82,16.14,329.37,357.75,9.14,00:00:27.6960280
-1.43,1.03,8.86,14.96,329.65,357.31,9.18,00:00:27.7313400
-1.47,1.02,8.92,14.08,330.23,357.29,9.24,00:00:27.7625510
-1.5,1.02,8.96,13.01,330.62,357.57,9.29,00:00:27.7958760
-1.52,1.01,9,12.34,330.73,357.84,9.34,00:00:27.8293880
-1.55,1.01,9.05,12.01,330.08,357.33,9.38,00:00:27.8628070
-1.58,1.01,9.09,11.38,329.1,356.59,9.43,00:00:27.8983130
-1.61,1.02,9.13,12.38,329.1,357.02,9.47,00:00:27.9308030
-1.63,1.02,9.17,13.03,329.95,357.95,9.52,00:00:27.9921270
-1.66,1.03,9.21,12.45,330.33,358.26,9.56,00:00:28.0345910
-1.69,1.03,9.25,13.48,330.35,358.04,9.61,00:00:28.0740340
-1.72,1.03,9.28,14.19,329.59,356.99,9.65,00:00:28.1157960
-1.77,1.03,9.36,13.94,329.13,357.33,9.74,00:00:28.1442980
-1.78,1.03,9.38,14.24,329.06,358.22,9.76,00:00:28.1645020
-1.81,1.03,9.42,13.76,328.66,358.58,9.81,00:00:28.1989710
-1.84,1.02,9.47,13.32,328.77,358.98,9.85,00:00:28.2308250
-1.86,1.02,9.51,12.82,328.85,359.08,9.9,00:00:28.2672040
-1.89,1.02,9.54,12.24,328.47,358.81,9.93,00:00:28.2971460
-1.92,1.02,9.58,12.03,328.33,358.77,9.98,00:00:28.3300910
-1.96,1.02,9.64,11.77,328.93,359.16,10.05,00:00:28.3624140
-1.99,1.02,9.68,11.99,329.88,359.69,10.09,00:00:28.3971380
-2.01,1.03,9.73,11.86,330.53,359.8,10.14,00:00:28.4306230
-2.04,1.03,9.77,12.11,330.99,359.71,10.19,00:00:28.4632460
-2.05,1.04,9.8,13.63,331.8,359.86,10.22,00:00:28.4975060
-2.08,1.04,9.84,14.27,332.8,0.18,10.27,00:00:28.5292640
-2.1,1.05,9.88,13.9,333.22,0.16,10.31,00:00:28.5634510
-2.12,1.05,9.92,13.7,333,359.72,10.36,00:00:28.5994820
-2.15,1.05,9.97,13.58,332.66,359.06,10.41,00:00:28.6335590
-2.17,1.05,10.01,13.39,332.69,358.62,10.45,00:00:28.6614960
-2.2,1.04,10.07,13.33,333.04,358.48,10.52,00:00:28.6968440
-2.22,1.04,10.12,13.12,333.06,358.37,10.57,00:00:28.7286620
-2.25,1.03,10.16,12.96,332.74,358.15,10.61,00:00:28.7614030
-2.28,1.03,10.21,12.48,332.62,357.79,10.67,00:00:28.7964090
-2.3,1.03,10.25,11.84,332.62,357.42,10.72,00:00:28.8295090
-2.33,1.03,10.29,12.5,332.79,357.44,10.77,00:00:28.8627550
-2.35,1.04,10.33,12.59,332.14,357.16,10.81,00:00:28.8949910
-2.38,1.04,10.38,12.77,330.35,356.53,10.86,00:00:28.9315780
-2.4,1.04,10.41,13.94,328.96,356.03,10.9,00:00:28.9643540
-2.43,1.05,10.45,14.34,328.83,356.08,10.94,00:00:29.0111560
-2.46,1.05,10.49,14.38,329.29,356.87,10.99,00:00:29.0505540
-2.48,1.04,10.52,14.77,329.47,357.75,11.02,00:00:29.0838520
-2.5,1.04,10.56,14.73,329.36,358.4,11.06,00:00:29.1042560
-2.53,1.03,10.6,14.46,329.64,359.2,11.1,00:00:29.1365650
-2.55,1.03,10.63,14.26,329.98,359.67,11.15,00:00:29.1610500
-2.57,1.02,10.67,13.72,330.12,359.59,11.18,00:00:29.2023960
-2.6,1.02,10.71,13.8,330.47,359.45,11.23,00:00:29.2399010
-2.62,1.01,10.75,13.59,331.02,359.4,11.27,00:00:29.2840970
-2.64,1.01,10.78,12.68,331.81,359.48,11.31,00:00:29.3015250
-2.66,1.01,10.82,12.56,333.01,359.94,11.36,00:00:29.3312320
-2.68,1.01,10.86,12.61,334.35,0.36,11.4,00:00:29.3625510
-2.7,1.02,10.9,12.86,335.49,0.72,11.44,00:00:29.3954240
-2.71,1.02,10.93,14.69,336.83,1.14,11.47,00:00:29.4313230
-2.72,1.02,10.96,15.71,338.27,1.3,11.5,00:00:29.4725110
-2.74,1.03,11,15.3,339.13,0.99,11.54,00:00:29.4965090
-2.75,1.03,11.03,14.93,339.43,0.48,11.58,00:00:29.5328720
-2.76,1.04,11.07,15.04,339.38,359.89,11.62,00:00:29.5623000
-2.77,1.04,11.1,14.99,339.32,359.33,11.65,00:00:29.5981390
-2.77,1.04,11.12,15.12,339.67,359.02,11.67,00:00:29.6310230
-2.78,1.04,11.16,15.12,340.42,358.61,11.71,00:00:29.6635990
-2.79,1.04,11.19,13.88,341.05,357.46,11.74,00:00:29.6967250
-2.79,1.04,11.21,11.92,341.92,356.07,11.76,00:00:29.7288440
-2.79,1.04,11.24,11.78,343.12,355.37,11.8,00:00:29.7613470
-2.8,1.04,11.28,12.6,343.9,354.92,11.83,00:00:29.7968600
-2.8,1.04,11.31,11.88,344.06,354.05,11.86,00:00:29.8293010
-2.8,1.04,11.33,12.07,344.96,353.4,11.88,00:00:29.8607100
-2.8,1.04,11.36,12.34,347.02,352.6,11.91,00:00:29.8976080
-2.79,1.04,11.39,11.33,350.19,351.93,11.93,00:00:29.9287610
-2.78,1.05,11.42,10.93,353.98,351.98,11.96,00:00:29.9701960
-2.78,1.04,11.45,11.68,357.88,352.64,11.99,00:00:29.9946110
-2.76,1.04,11.48,12.49,1.48,353.13,12.01,00:00:30.0273930
-2.75,1.03,11.51,13.35,4.83,353.01,12.04,00:00:30.0613290
-2.74,1.03,11.54,14.32,7.97,352.36,12.06,00:00:30.0953960
-2.73,1.02,11.57,14.56,11.12,351.43,12.09,00:00:30.1291570
-2.72,1.02,11.6,14.68,14.48,350.84,12.12,00:00:30.1620060
-2.71,1.01,11.63,15.71,18.36,351.26,12.14,00:00:30.1952840
-2.69,1.01,11.65,16.6,21.95,351.9,12.15,00:00:30.2366290
-2.68,1,11.67,16.61,24.99,351.95,12.17,00:00:30.2608680
-2.66,1,11.69,17.77,28.31,352.08,12.18,00:00:30.2950510
-2.64,1,11.7,18.49,32.16,351.98,12.19,00:00:30.3300890
-2.62,1,11.72,18.38,36.45,351.78,12.2,00:00:30.3661200
-2.6,1,11.73,19.16,40.68,351.82,12.21,00:00:30.4111730
-2.58,1,11.74,19.95,44.01,351.78,12.21,00:00:30.4302130
-2.55,1,11.75,20.42,46.57,351.82,12.21,00:00:30.4743500
-2.53,1,11.76,20.95,49.09,352.34,12.22,00:00:30.4976010
-2.5,1,11.76,21.19,51.87,353.18,12.22,00:00:30.5286090
-2.48,1,11.77,21.14,55.05,354.28,12.22,00:00:30.5605070
-2.45,0.99,11.77,21.1,58.44,355.51,12.21,00:00:30.5949960
-2.42,0.99,11.77,21.03,61.49,356.44,12.21,00:00:30.6304620
-2.4,0.98,11.78,20.74,63.79,356.84,12.21,00:00:30.6641160
-2.37,0.98,11.79,20.48,65.36,357.04,12.21,00:00:30.6956320
-2.36,0.98,11.78,20.24,66.35,357.2,12.2,00:00:30.7274510
-2.33,0.97,11.79,20.42,66.84,357.38,12.2,00:00:30.7604600
-2.3,0.97,11.8,20.67,66.83,357.37,12.21,00:00:30.7953130
-2.27,0.97,11.81,20.46,66.29,356.87,12.21,00:00:30.8328510
-2.24,0.97,11.83,20.6,65.51,356.38,12.22,00:00:30.8644960
-2.21,0.98,11.85,20.48,65.7,356.49,12.23,00:00:30.9044470
-2.19,0.98,11.86,19.37,65.96,356.65,12.24,00:00:30.9296380
-2.16,0.99,11.88,19.39,65.18,356.59,12.25,00:00:30.9612500
-2.13,1,11.89,20.8,63.69,356.29,12.26,00:00:30.9971150
-2.09,1,11.91,21.43,62.6,355.79,12.27,00:00:31.0280430
-2.06,1,11.93,20.93,62.46,355.52,12.28,00:00:31.0605150
-2.03,1,11.94,20.44,62.74,355.6,12.29,00:00:31.0957290
-2,1,11.96,20.23,63.21,356.06,12.3,00:00:31.1301580
-1.97,0.99,11.98,20.34,63.68,356.76,12.31,00:00:31.1641700
-1.93,0.99,12,20.4,64.02,357.36,12.32,00:00:31.1954040
-1.89,0.98,12.02,20.45,64.23,357.63,12.34,00:00:31.2297590
-1.86,0.98,12.04,20.22,64.35,357.59,12.35,00:00:31.2616470
-1.82,0.98,12.06,19.63,64.4,357.26,12.36,00:00:31.2954060
-1.78,0.99,12.08,18.72,64.59,357.05,12.37,00:00:31.3393080
-1.75,0.99,12.1,18.5,65.08,357.27,12.39,00:00:31.3610280
-1.72,1,12.11,18.46,65.45,357.41,12.4,00:00:31.3951090
-1.68,1.01,12.13,17.19,66.18,357.48,12.41,00:00:31.4309380
-1.64,1.01,12.15,16.37,67.43,357.86,12.42,00:00:31.4651020
-1.61,1.02,12.16,16.97,68.94,358.48,12.43,00:00:31.5051990
-1.57,1.03,12.18,16.78,69.87,358.73,12.45,00:00:31.5415790
-1.54,1.03,12.2,16.07,70.04,358.69,12.46,00:00:31.5615490
-1.51,1.03,12.21,15.95,69.95,358.77,12.47,00:00:31.5977030
-1.47,1.03,12.23,16.16,69.9,358.91,12.48,00:00:31.6297220
-1.44,1.03,12.25,16.37,70.06,359.08,12.49,00:00:31.6683010
-1.4,1.02,12.27,16.18,70.16,359.09,12.5,00:00:31.6964560
-1.36,1.02,12.29,15.95,69.85,358.85,12.52,00:00:31.7288390
-1.32,1.02,12.31,15.71,69.35,358.5,12.53,00:00:31.7605610
-1.28,1.02,12.33,14.87,69.16,358.1,12.54,00:00:31.7994340
-1.25,1.02,12.35,13.74,68.97,357.78,12.56,00:00:31.8301520
-1.21,1.02,12.37,14.41,68.96,358.15,12.58,00:00:31.8614010
-1.17,1.02,12.39,15.17,67.91,358.06,12.59,00:00:31.8968550
-1.14,1.02,12.41,15.02,65.4,357.07,12.61,00:00:31.9288960
-1.11,1.03,12.43,16.1,63.54,356.53,12.63,00:00:31.9628810
-1.09,1.03,12.45,16.67,62.95,356.34,12.65,00:00:31.9976460
-1.06,1.04,12.48,15.93,62.87,356.03,12.67,00:00:32.0337510
-1.04,1.04,12.5,15.72,62.8,355.79,12.69,00:00:32.0615040
-1.01,1.04,12.52,16.18,62.69,355.85,12.71,00:00:32.0950410
-0.98,1.04,12.55,16.88,63.04,356.46,12.73,00:00:32.1303850
-0.95,1.03,12.57,17.47,63.7,357.34,12.74,00:00:32.1628180
-0.93,1.03,12.59,17.45,64.08,357.82,12.76,00:00:32.1951180
-0.9,1.02,12.61,17.45,64.5,358.11,12.78,00:00:32.2300950
-0.88,1.02,12.63,17.46,64.96,358.41,12.8,00:00:32.2689210
-0.86,1.02,12.66,16.9,64.9,358.55,12.82,00:00:32.3028150
-0.84,1.02,12.68,16.55,64.99,359.09,12.85,00:00:32.3421040
-0.82,1.02,12.71,17.18,65.26,359.91,12.87,00:00:32.3746600
-0.81,1.02,12.74,15.9,64.01,359.69,12.9,00:00:32.4136920
-0.81,1.03,12.77,13.53,62.07,359.48,12.93,00:00:32.4371350
-0.8,1.03,12.8,13.1,60.57,0.09,12.96,00:00:32.4614680
-0.79,1.04,12.83,12.88,58.68,0.63,12.99,00:00:32.4947740
-0.79,1.04,12.86,11.85,55.58,0.84,13.02,00:00:32.5293980
-0.79,1.04,12.89,11.75,51.81,1.34,13.05,00:00:32.5679110
-0.79,1.04,12.92,12.03,47.77,2.03,13.08,00:00:32.6062680
-0.79,1.04,12.96,12.06,43.41,2.43,13.12,00:00:32.6394940
-0.8,1.04,12.99,12.23,38.86,2.55,13.15,00:00:32.6735610
-0.8,1.04,13.01,12.22,34,2.25,13.17,00:00:32.6974920
-0.81,1.04,13.04,11.75,28.98,1.78,13.2,00:00:32.7275960
-0.82,1.04,13.06,11.25,23.82,1.48,13.23,00:00:32.7642960
-0.83,1.04,13.08,11.08,18.47,1.39,13.25,00:00:32.7948890
-0.85,1.04,13.1,10.81,12.92,1.38,13.27,00:00:32.8398630
-0.85,1.03,13.12,10.28,7.26,1.6,13.29,00:00:32.8730770
-0.87,1.03,13.14,10.14,1.77,2.21,13.3,00:00:32.9101340
-0.88,1.03,13.15,9.83,356.47,2.75,13.31,00:00:32.9283470
-0.9,1.02,13.15,8.57,351.22,2.92,13.32,00:00:32.9618660
-0.92,1.02,13.15,8.13,345.93,3.11,13.32,00:00:32.9968970
-0.93,1.02,13.15,9.37,340.83,3.63,13.32,00:00:33.0291910
-0.94,1.02,13.15,9.83,335.35,3.73,13.32,00:00:33.0617480
-0.96,1.02,13.14,10.77,329.69,3.48,13.31,00:00:33.0960990
-0.97,1.02,13.13,11.84,325.04,3.37,13.3,00:00:33.1296150
-0.98,1.03,13.11,11.99,321.08,2.99,13.29,00:00:33.1596860
-0.98,1.03,13.1,11.19,316.6,1.74,13.28,00:00:33.1940780
-0.99,1.04,13.08,10.44,311.56,0.33,13.26,00:00:33.2292060
-0.99,1.04,13.06,10.33,306.99,359.83,13.24,00:00:33.2608270
-1,1.05,13.04,10.35,302.89,0.11,13.22,00:00:33.2949670
-1,1.05,13.02,10.24,298.94,0.5,13.2,00:00:33.3282210
-1,1.05,12.99,10.21,295.05,0.66,13.17,00:00:33.3606700
-1,1.05,12.96,10.19,291.2,0.58,13.14,00:00:33.3954390
-1,1.05,12.93,10.11,287.16,0.28,13.11,00:00:33.4287000
-1,1.05,12.9,10.3,282.88,359.94,13.08,00:00:33.4625520
-1,1.05,12.87,10.72,278.5,359.72,13.05,00:00:33.4939980
-0.99,1.04,12.83,11.16,274.22,359.5,13.01,00:00:33.5280280
-1,1.05,12.79,11.56,270.25,359.07,12.98,00:00:33.5607130
-0.99,1.04,12.76,11.72,266.54,358.36,12.94,00:00:33.5941670
-0.98,1.04,12.72,11.97,263.06,357.86,12.9,00:00:33.6315380
-0.97,1.04,12.68,12,259.88,357.75,12.87,00:00:33.6844420
-0.98,1.04,12.65,11.91,257.28,358.09,12.83,00:00:33.6981180
-0.98,1.04,12.62,11.52,255.03,358.52,12.8,00:00:33.7298770
-0.98,1.03,12.59,11.17,252.72,358.8,12.77,00:00:33.7601160
-0.97,1.03,12.56,11.49,250.34,358.7,12.74,00:00:33.7949260
-0.97,1.03,12.54,12.46,247.9,358.29,12.72,00:00:33.8278370
-0.97,1.03,12.51,13.63,245.72,358.04,12.7,00:00:33.8625290
-0.97,1.02,12.5,14.3,244.38,358.26,12.69,00:00:33.9012440
-0.98,1.02,12.49,14.48,243.66,358.86,12.67,00:00:33.9272690
-0.98,1.02,12.47,14.75,243.02,359.29,12.65,00:00:33.9698620
-0.99,1.02,12.45,15.16,242.27,359.48,12.63,00:00:34.0010770
-0.99,1.01,12.44,15.53,241.74,359.66,12.63,00:00:34.0433910
-1,1.01,12.43,15.91,241.54,0.06,12.61,00:00:34.0692410
-1.02,1.01,12.42,16.02,241.65,0.49,12.6,00:00:34.0979940
-1.03,1,12.41,15.89,242.07,0.93,12.59,00:00:34.1313670
-1.05,1,12.41,15.41,242.63,1.09,12.59,00:00:34.1742250
-1.07,1,12.4,14.87,243.12,1.08,12.59,00:00:34.2002470
-1.1,1,12.38,14.67,243.4,0.96,12.58,00:00:34.2280300
-1.14,0.99,12.39,14.36,243.29,0.52,12.59,00:00:34.2609960
-1.17,0.99,12.39,13.33,242.87,0.02,12.59,00:00:34.3031110
-1.2,1,12.38,12.8,242.46,359.8,12.58,00:00:34.3285900
-1.23,1,12.37,13.28,242.37,359.87,12.58,00:00:34.3601250
-1.26,1,12.35,13.54,242.89,0.13,12.57,00:00:34.3943330
-1.28,1,12.35,13.09,243.06,0.04,12.57,00:00:34.4303290
-1.31,1,12.34,13.37,242.33,359.86,12.56,00:00:34.4640710
-1.34,1,12.33,14.67,241.12,359.61,12.55,00:00:34.5011940
-1.36,1.01,12.31,15.21,240.14,359.32,12.54,00:00:34.5272040
-1.39,1.01,12.3,15.35,240.53,359.65,12.53,00:00:34.5602080
-1.42,1.01,12.28,15.48,241.94,0.69,12.52,00:00:34.5937840
-1.45,1,12.27,14.96,242.61,1.07,12.51,00:00:34.6271900
-1.48,1,12.25,14.75,242.46,1.06,12.5,00:00:34.6605270
-1.5,0.99,12.24,15.48,242.15,1.2,12.49,00:00:34.6974390
-1.53,0.99,12.22,16.21,241.34,1.24,12.48,00:00:34.7496890
-1.56,0.99,12.21,16.57,240.33,1.15,12.46,00:00:34.7992650
-1.59,0.99,12.19,16.6,239.67,1.11,12.45,00:00:34.8313250
-1.63,0.99,12.17,15.84,239.5,1.06,12.44,00:00:34.8664550
-1.69,0.99,12.13,13.56,241.21,1.77,12.41,00:00:34.8958780
-1.72,1,12.12,12.75,241.97,1.84,12.4,00:00:34.9340570
-1.75,1.01,12.1,10.7,242.25,1.25,12.39,00:00:34.9701850
-1.79,1.01,12.08,9.88,243.64,1.47,12.38,00:00:35.0010140
-1.82,1.02,12.06,11.14,245.91,2.4,12.37,00:00:35.0296880
-1.87,1.02,12.04,11.27,246.51,2.23,12.35,00:00:35.0642790
-1.9,1.02,12.02,10.57,245.85,1.35,12.34,00:00:35.1045170
-1.93,1.02,12,10.49,245.37,0.57,12.33,00:00:35.1380180
-1.97,1.02,11.99,10.71,245.39,359.97,12.32,00:00:35.1603790
-2,1.02,11.97,10.65,245.52,359.35,12.31,00:00:35.1939230
-2.04,1.02,11.95,10.56,245.34,358.68,12.3,00:00:35.2296020
-2.07,1.01,11.93,10.32,244.82,358.1,12.29,00:00:35.2699480
-2.11,1.01,11.91,9.92,244.34,357.84,12.28,00:00:35.2954390
-2.14,1.01,11.89,9.53,243.92,357.78,12.27,00:00:35.3346980
-2.18,1.01,11.88,9.31,243.33,357.98,12.26,00:00:35.3621430
-2.22,1.01,11.86,9.99,243.08,358.48,12.24,00:00:35.4041310
-2.25,1.01,11.84,10.22,243.21,358.77,12.23,00:00:35.4352550
-2.28,1.01,11.82,10.47,242.7,358.82,12.22,00:00:35.4610880
-2.31,1.01,11.8,12.32,241.64,358.82,12.21,00:00:35.4946860
-2.35,1.01,11.77,13.37,240.54,358.58,12.19,00:00:35.5295500
-2.38,1.01,11.75,13.04,240.02,358.36,12.18,00:00:35.5603370
-2.41,1.02,11.73,12.53,240.03,358.4,12.17,00:00:35.5951400
-2.44,1.02,11.71,12.44,240.21,358.81,12.15,00:00:35.6365300
-2.48,1.01,11.68,12.68,240.37,359.42,12.14,00:00:35.6760000
-2.52,1.01,11.66,12.79,240.41,359.92,12.12,00:00:35.7073650
-2.55,1.01,11.63,12.62,240.23,0.28,12.1,00:00:35.7282220
-2.58,1,11.61,12.08,240.12,0.61,12.09,00:00:35.7601040
-2.61,1,11.59,11.43,240.16,1.03,12.07,00:00:35.7929010
-2.64,1,11.56,10.57,240.1,1.54,12.06,00:00:35.8364580
-2.67,1,11.54,9.98,239.95,2.07,12.04,00:00:35.8665890
-2.69,1,11.51,9.86,239.27,2.41,12.02,00:00:35.9105150
-2.71,1,11.48,9.01,237.95,2.76,12,00:00:35.9811190
-2.73,1.01,11.46,8.8,236.73,3.65,11.98,00:00:36.0143170
-2.75,1.01,11.43,9.45,235.12,4.44,11.95,00:00:36.0542330
-2.77,1.01,11.37,10.1,227.39,4.11,11.9,00:00:36.1013460
-2.77,1.01,11.33,11.2,223.19,4.37,11.87,00:00:36.1444100
-2.77,1.01,11.3,12.36,219.35,5.08,11.84,00:00:36.1839910
-2.77,1.01,11.24,13.22,209.82,5.12,11.78,00:00:36.2137760
-2.75,1,11.22,13.62,205.35,5.17,11.76,00:00:36.2359020
-2.75,0.99,11.19,14.56,200.92,5.4,11.73,00:00:36.2608310
-2.73,0.99,11.17,15.4,195.75,5.32,11.7,00:00:36.3011560
-2.72,0.98,11.15,16.02,189.78,4.93,11.68,00:00:36.3275670
-2.72,0.98,11.12,16.42,183.24,4.26,11.65,00:00:36.3606620
-2.7,0.97,11.11,15.95,176.39,3.2,11.63,00:00:36.3946520
-2.67,0.97,11.11,17.07,170.33,2.88,11.62,00:00:36.4260040
-2.66,0.96,11.09,18.93,166.69,3.77,11.6,00:00:36.4610320
-2.65,0.96,11.07,19.09,164.5,5.14,11.58,00:00:36.4943190
-2.65,0.96,11.04,19.49,162.34,5.97,11.56,00:00:36.5261090
-2.64,0.96,11.03,20.24,160.18,5.97,11.54,00:00:36.5607130
-2.64,0.96,11.01,19.88,157.87,5.01,11.52,00:00:36.5939400
-2.63,0.97,10.98,19.22,155.77,3.71,11.49,00:00:36.6274400
-2.62,0.97,10.96,18.95,154.43,2.78,11.47,00:00:36.6596270
-2.61,0.97,10.93,18.79,153.78,2.47,11.44,00:00:36.6960640
-2.59,0.97,10.91,18.64,153.14,2.32,11.42,00:00:36.7323340
-2.58,0.96,10.89,18.89,151.97,2,11.39,00:00:36.7601600
-2.56,0.95,10.86,19.31,150.37,1.54,11.36,00:00:36.7942680
-2.54,0.95,10.83,19.57,148.77,1.07,11.33,00:00:36.8301710
-2.52,0.94,10.81,19.97,147.37,0.58,11.29,00:00:36.8596890
-2.49,0.93,10.77,20.64,146.54,0.11,11.25,00:00:36.8943990
-2.47,0.93,10.74,21.31,146.36,359.64,11.22,00:00:36.9264890
-2.45,0.93,10.71,21.49,146.65,359.17,11.18,00:00:36.9644550
-2.43,0.94,10.68,20.8,147.85,358.94,11.14,00:00:36.9965030
-2.41,0.95,10.64,20.39,149.38,358.9,11.11,00:00:37.0279650
-2.39,0.95,10.6,20.56,150.31,358.85,11.07,00:00:37.0642370
-2.37,0.96,10.57,20.26,151.05,358.92,11.03,00:00:37.1070080
-2.35,0.97,10.53,19.71,152.03,359.17,10.99,00:00:37.1364720
-2.33,0.98,10.49,19.8,152.98,359.65,10.95,00:00:37.1817130
-2.31,0.98,10.45,20,153.67,0.37,10.9,00:00:37.2271480
-2.3,0.99,10.41,20.01,154.36,1.26,10.86,00:00:37.2465710
-2.28,0.99,10.37,20.08,154.83,1.76,10.82,00:00:37.2748030
-2.26,0.98,10.32,19.71,154.44,1.2,10.77,00:00:37.2998310
-2.24,0.98,10.28,18.73,153.96,0.34,10.72,00:00:37.3266250
-2.22,0.97,10.24,17.87,154.14,0.08,10.68,00:00:37.3601720
-2.2,0.97,10.2,17.37,154.96,0.51,10.64,00:00:37.3926450
-2.18,0.97,10.16,17.29,155.86,1.06,10.59,00:00:37.4265300
-2.16,0.97,10.12,17.13,155.86,0.8,10.55,00:00:37.4609310
-2.14,0.98,10.07,16.38,154.86,359.79,10.5,00:00:37.4936680
-2.12,0.98,10.03,16.51,154.23,359.39,10.45,00:00:37.5269800
-2.09,0.98,9.98,17.25,154.47,359.74,10.4,00:00:37.5605570
-2.07,0.99,9.94,17.4,154.06,359.75,10.36,00:00:37.6059120
-2.04,1,9.9,18.2,152.79,359.03,10.32,00:00:37.6378460
-2.02,1,9.86,18.48,151.56,358.11,10.27,00:00:37.6617830
-2,1,9.82,18.32,151.46,358.1,10.23,00:00:37.6967400
-1.97,1,9.78,18.74,152,358.92,10.18,00:00:37.7385180
-1.94,1,9.73,19.11,152.11,359.59,10.13,00:00:37.7741540
-1.92,0.99,9.69,18.86,152,0.01,10.08,00:00:37.8141650
-1.89,0.99,9.65,18.25,151.96,0.33,10.04,00:00:37.8697940
-1.86,0.98,9.61,17.24,152.08,0.19,9.99,00:00:37.8936840
-1.83,0.98,9.56,15.61,152.19,359.54,9.94,00:00:37.9265370
-1.78,0.98,9.47,13.63,153.04,359.3,9.84,00:00:37.9587420
-1.75,0.98,9.43,13.72,153.82,0.11,9.79,00:00:37.9940320
-1.74,0.98,9.39,15.09,154.08,0.74,9.75,00:00:38.0256490
-1.71,0.99,9.35,15.74,153.48,0.52,9.71,00:00:38.0606600
-1.69,1,9.31,15.76,152.86,359.87,9.67,00:00:38.0936060
-1.66,1.01,9.27,16.5,152.99,359.37,9.62,00:00:38.1257800
-1.64,1.02,9.23,16.5,153.52,359.27,9.58,00:00:38.1646670
-1.62,1.02,9.18,15.86,153.93,359.69,9.53,00:00:38.1942500
-1.59,1.02,9.14,15.87,154.24,0.4,9.48,00:00:38.2272740
-1.56,1.01,9.09,15.88,154.54,0.65,9.43,00:00:38.2655000
-1.53,1.01,9.04,15.02,154.85,0.26,9.38,00:00:38.2950610
-1.51,1,8.99,14.04,155.73,359.92,9.32,00:00:38.3384240
-1.48,0.99,8.95,13.62,156.98,359.9,9.27,00:00:38.3625830
-1.45,0.99,8.9,13.73,158.02,0.09,9.22,00:00:38.3956110
-1.43,0.98,8.85,13.99,158.4,0.21,9.17,00:00:38.4324600
-1.4,0.98,8.8,14.27,158.62,0.41,9.11,00:00:38.4651150
-1.37,0.98,8.75,14.33,158.39,0.5,9.06,00:00:38.5114850
-1.34,0.98,8.71,14.76,158.18,0.76,9.01,00:00:38.5265310
-1.32,0.99,8.67,14.92,157.4,0.84,8.97,00:00:38.5596670
-1.29,0.99,8.62,15.6,156.09,0.7,8.92,00:00:38.6072430
-1.26,1,8.58,17.36,154.8,0.26,8.87,00:00:38.6537000
-1.23,1,8.54,18.09,153.74,359.3,8.83,00:00:38.6822740
-1.2,1.01,8.5,17.6,152.99,358.32,8.79,00:00:38.6930570
-1.18,1.01,8.47,17.84,152.74,358.18,8.75,00:00:38.7299360
-1.15,1,8.43,18.66,152.77,358.69,8.71,00:00:38.7605850
-1.12,1,8.39,18.88,152.92,359.1,8.66,00:00:38.7958600
-1.09,0.99,8.34,18.61,153.12,359.17,8.61,00:00:38.8285840
-1.06,0.98,8.3,18.23,153.2,358.89,8.56,00:00:38.8686370
-1.03,0.97,8.26,17.81,153.43,358.63,8.52,00:00:38.8931590
-1,0.97,8.22,17.53,153.79,358.73,8.47,00:00:38.9309220
-0.98,0.97,8.17,17.4,154.05,359.28,8.42,00:00:38.9605460
-0.95,0.97,8.13,17.98,153.97,359.82,8.38,00:00:38.9923010
-0.92,0.98,8.09,18.52,153.42,359.8,8.34,00:00:39.0267290
-0.9,0.98,8.05,18.61,152.77,359.45,8.3,00:00:39.0626460
-0.87,0.99,8.01,19.21,153.06,359.52,8.25,00:00:39.0950820
-0.85,1,7.97,19.46,154.8,0.46,8.22,00:00:39.1362060
-0.83,1,7.93,18.65,156.22,1.54,8.18,00:00:39.1673520
-0.8,1,7.9,18.21,156.26,1.86,8.14,00:00:39.1943610
-0.78,1,7.86,17.94,155.38,1.29,8.1,00:00:39.2301130
-0.75,1,7.82,17.06,154.71,0.64,8.06,00:00:39.2608120
-0.72,1,7.79,16.16,154.72,0.6,8.02,00:00:39.3000970
-0.69,1,7.75,15.03,154.29,0.46,7.97,00:00:39.3261210
-0.67,0.99,7.71,13.93,152.82,359.79,7.93,00:00:39.3617190
-0.65,0.99,7.68,13.11,151.15,358.96,7.9,00:00:39.4040730
-0.62,0.99,7.65,11.96,149.61,358.42,7.87,00:00:39.4343340
-0.59,0.99,7.61,11.97,148.45,358.72,7.83,00:00:39.4655090
-0.56,1,7.58,12.88,147.61,359.29,7.79,00:00:39.4950930
-0.53,1,7.55,12.32,146.12,359.22,7.76,00:00:39.5420100
-0.5,1.01,7.51,12.81,144.67,358.67,7.73,00:00:39.5607670
-0.48,1.01,7.5,13.75,143.68,357.79,7.71,00:00:39.5927520
-0.45,1.02,7.47,12.87,142.78,356.61,7.67,00:00:39.6297980
-0.42,1.02,7.43,12.37,142.3,356.21,7.64,00:00:39.6589320
-0.4,1.02,7.4,12.99,142.19,356.66,7.61,00:00:39.6927570
-0.38,1.01,7.39,13.84,142.31,357.44,7.59,00:00:39.7257820
-0.35,1.01,7.36,14.52,142.84,358.04,7.56,00:00:39.7580770
-0.33,1,7.33,14.63,143.98,358.33,7.53,00:00:39.7930350
-0.31,1,7.3,14.38,146.04,358.54,7.49,00:00:39.8258570
-0.3,1,7.26,13.96,148.56,358.63,7.46,00:00:39.8604520
-0.28,0.99,7.23,13.89,150.98,358.57,7.42,00:00:39.8926180
-0.27,0.99,7.2,13.61,153.54,358.51,7.39,00:00:39.9259700
-0.26,0.99,7.16,13.29,156.51,358.7,7.35,00:00:39.9840580
-0.25,0.99,7.12,14.37,160.07,359.26,7.32,00:00:40.0039190
-0.25,1,7.09,15.27,162.89,359.36,7.29,00:00:40.0410960
-0.24,1,7.06,15.3,164.69,358.94,7.26,00:00:40.0681740
-0.24,1.01,7.03,15.86,166.51,358.89,7.23,00:00:40.0939970
-0.24,1.01,7,16.35,168.4,358.76,7.2,00:00:40.1321790
-0.25,1.01,6.97,16.34,170.04,358.14,7.17,00:00:40.1685780
-0.23,1.01,6.92,16.19,171.7,357.28,7.12,00:00:40.1940080
-0.23,1.01,6.89,16.48,173.03,356.12,7.1,00:00:40.2270870
-0.24,1.01,6.87,15.32,173.68,354.16,7.07,00:00:40.2586140
-0.23,1.02,6.83,13.77,174.94,352.41,7.04,00:00:40.2946410
-0.24,1.02,6.81,13,177.43,351.66,7.02,00:00:40.3422790
-0.24,1.02,6.79,12.84,180.79,351.18,6.99,00:00:40.4001400
-0.24,1.02,6.75,12.68,184.22,350.33,6.95,00:00:40.4139980
-0.25,1.03,6.72,12.08,187.7,349.54,6.93,00:00:40.4622940
-0.26,1.02,6.69,11.86,191.7,349.59,6.9,00:00:40.5049480
-0.28,1.02,6.67,12.42,196.28,350.54,6.88,00:00:40.5262920
-0.31,1.02,6.63,13.38,205.47,352.75,6.84,00:00:40.5953050
-0.33,1.02,6.61,13.15,210.28,353.15,6.83,00:00:40.6277940
-0.35,1.01,6.59,12.25,215.29,353.07,6.81,00:00:40.6594830
-0.39,1,6.57,12.02,224.95,353.45,6.79,00:00:40.6945390
-0.4,1,6.56,12.16,228.39,353.67,6.78,00:00:40.7263780
-0.42,1,6.56,12.43,230.43,353.09,6.78,00:00:40.7604990
-0.44,0.99,6.55,13.68,232.62,352.73,6.78,00:00:40.7949190
-0.45,0.99,6.54,13.71,236.29,353.28,6.77,00:00:40.8262420
-0.46,0.99,6.54,12.81,240.86,354.55,6.77,00:00:40.8623860
-0.48,1,6.53,12.93,244.99,355.77,6.76,00:00:40.8935220
-0.49,1,6.52,13.05,247.79,356.49,6.75,00:00:40.9252400
-0.51,1,6.51,12.89,249.64,357.06,6.75,00:00:40.9601730
-0.52,1,6.5,13.03,251.35,357.81,6.74,00:00:40.9943410
-0.54,1,6.51,13.43,253.36,358.59,6.75,00:00:41.0262180
-0.56,1,6.5,13.89,255.43,359.17,6.74,00:00:41.0634220
-0.58,0.99,6.49,14.08,257.17,359.31,6.74,00:00:41.0933930
-0.61,0.99,6.48,14,258.45,359.2,6.73,00:00:41.1254250
-0.63,0.99,6.47,14.08,259.27,359.22,6.72,00:00:41.1594730
-0.65,0.98,6.46,14.46,259.78,359.27,6.72,00:00:41.1914860
-0.68,0.98,6.45,14.59,259.81,358.93,6.71,00:00:41.2268150
-0.7,0.98,6.44,14.59,258.85,358.02,6.71,00:00:41.2604700
-0.73,0.98,6.43,15.92,257.33,357.28,6.7,00:00:41.2936720
-0.75,0.99,6.42,16.91,256.73,357.15,6.69,00:00:41.3265290
-0.77,0.99,6.41,15.86,256.52,357.04,6.69,00:00:41.3594790
-0.8,1,6.39,15.06,255.96,357.01,6.68,00:00:41.3921510
-0.82,1.01,6.38,16.2,255.32,357.27,6.67,00:00:41.4248440
-0.85,1.01,6.37,16.6,254.69,357.25,6.67,00:00:41.4601370
-0.87,1.01,6.35,15.72,254.28,357.18,6.66,00:00:41.4927590
-0.9,1.02,6.34,14.88,253.94,357.14,6.65,00:00:41.5260030
-0.92,1.02,6.32,14.23,253.57,357.15,6.64,00:00:41.5611060
-0.95,1.02,6.31,13.94,253.15,357.38,6.63,00:00:41.5927810
-0.97,1.01,6.29,14.03,252.43,357.76,6.61,00:00:41.6269320
-1,1.01,6.27,14.34,251.65,358.28,6.6,00:00:41.6739000
-1.02,1.01,6.25,14.29,251.02,358.81,6.59,00:00:41.7043570
-1.06,1.01,6.24,13.93,250.49,359.26,6.58,00:00:41.7266260
-1.08,1.01,6.22,13.37,250.25,359.88,6.57,00:00:41.7596790
-1.1,1.01,6.2,12.74,249.92,0.52,6.56,00:00:41.7935170
-1.12,1.02,6.18,12.46,249.35,1.05,6.54,00:00:41.8274750
-1.14,1.02,6.16,11.07,247.9,0.99,6.53,00:00:41.8596760
-1.16,1.03,6.14,9.99,246.13,0.99,6.52,00:00:41.8936420
-1.18,1.04,6.12,10.09,243.92,0.99,6.5,00:00:41.9344660
-1.19,1.04,6.1,9.96,240.81,0.82,6.49,00:00:41.9638460
-1.21,1.04,6.07,9.98,237.26,0.92,6.47,00:00:41.9927960
-1.21,1.04,6.05,10.6,233.55,1.37,6.44,00:00:42.0263610
-1.22,1.04,6.02,11.12,229.14,1.58,6.42,00:00:42.0616310
-1.22,1.04,5.99,11.04,224.06,1.45,6.39,00:00:42.0947320
-1.21,1.04,5.96,10.56,218.96,1.34,6.37,00:00:42.1309480
-1.21,1.03,5.94,10.22,214.18,1.62,6.34,00:00:42.1658120
-1.2,1.02,5.91,10.3,209.42,2.21,6.31,00:00:42.1937900
-1.19,1.02,5.89,10.49,204.27,2.75,6.28,00:00:42.2249940
-1.19,1.01,5.86,11.12,198.67,3.01,6.26,00:00:42.2634010
-1.17,1,5.85,11.91,191.57,2.69,6.24,00:00:42.2932230
-1.16,1,5.83,11.9,185.25,1.94,6.22,00:00:42.3249070
-1.16,1,5.82,10.68,179.23,0.97,6.21,00:00:42.3612930
-1.15,0.99,5.81,10.37,173.72,0.71,6.19,00:00:42.3928140
-1.15,0.99,5.8,13.84,169.33,1.98,6.18,00:00:42.4247660
-1.14,0.98,5.79,16.5,164.88,3.3,6.17,00:00:42.4576980
-1.14,0.98,5.78,17.91,160.05,3.72,6.17,00:00:42.4927460
-1.14,0.98,5.78,19.08,155.86,3.35,6.16,00:00:42.5292890
-1.13,0.98,5.77,19.54,152.75,2.56,6.15,00:00:42.5587610
-1.13,0.98,5.76,19.34,149.92,1.34,6.14,00:00:42.5992840
-1.12,0.98,5.75,19.05,147.64,0.35,6.13,00:00:42.6257570
-1.12,0.97,5.73,18.97,146.31,359.97,6.11,00:00:42.6600080
-1.11,0.97,5.72,18.89,145.66,0.04,6.09,00:00:42.6918670
-1.09,0.96,5.71,18.69,145.15,0.18,6.08,00:00:42.7254380
-1.08,0.95,5.69,18.69,144.59,0.26,6.06,00:00:42.7588230
-1.07,0.94,5.68,18.77,143.97,0.12,6.04,00:00:42.7974600
-1.04,0.93,5.66,18.65,143.47,359.89,6.02,00:00:42.8327620
-1.03,0.92,5.64,18.64,143.27,359.75,5.99,00:00:42.8616160
-1.01,0.91,5.62,18.91,143.53,359.79,5.97,00:00:42.9003510
-0.99,0.91,5.6,19.14,143.98,359.7,5.95,00:00:42.9439200
-0.98,0.91,5.58,18.98,144.27,359.45,5.92,00:00:42.9783770
-0.96,0.91,5.56,18.63,144.49,359.44,5.89,00:00:43.0066250
-0.94,0.91,5.52,18.58,145.34,0.04,5.86,00:00:43.0257130
-0.92,0.91,5.5,19.23,146.73,1.14,5.83,00:00:43.0585900
-0.91,0.91,5.47,19.73,147.28,1.54,5.8,00:00:43.1015330
-0.89,0.92,5.45,18.72,146.85,0.66,5.78,00:00:43.1340560
-0.87,0.93,5.41,17.73,146.93,359.78,5.74,00:00:43.1737910
-0.85,0.93,5.39,17.65,148.42,359.55,5.71,00:00:43.2026100
-0.83,0.93,5.35,17.28,150.33,359.92,5.68,00:00:43.2260410
-0.82,0.94,5.33,16.71,151.91,0.51,5.65,00:00:43.2598490
-0.81,0.94,5.3,17.07,152.96,1.05,5.62,00:00:43.2980920
-0.79,0.94,5.26,17.25,153.46,1.1,5.58,00:00:43.3261560
-0.78,0.94,5.23,16.74,153.79,0.86,5.55,00:00:43.3582620
-0.77,0.94,5.21,15.97,154.31,0.79,5.53,00:00:43.3920340
-0.76,0.94,5.17,15.26,155.24,1.17,5.49,00:00:43.4247550
-0.74,0.94,5.13,14.56,156.28,1.81,5.45,00:00:43.4582810
-0.72,0.94,5.1,14.06,157.13,2.45,5.41,00:00:43.4927540
-0.71,0.94,5.06,13.81,157.41,2.59,5.37,00:00:43.5257810
-0.7,0.94,5.02,13.31,156.69,1.87,5.34,00:00:43.5583940
-0.68,0.94,4.98,13.33,155.24,0.77,5.3,00:00:43.5935940
-0.65,0.95,4.94,14.13,154.31,359.92,5.25,00:00:43.6258290
-0.63,0.95,4.9,13.85,153.53,359.13,5.21,00:00:43.6603670
-0.6,0.96,4.87,13.69,152.04,358.69,5.18,00:00:43.6936160
-0.58,0.96,4.83,14.96,150.88,358.89,5.14,00:00:43.7299320
-0.56,0.97,4.79,15.74,150.62,359.36,5.1,00:00:43.7606060
-0.53,0.97,4.76,15.13,150.38,359.23,5.06,00:00:43.7934830
-0.51,0.97,4.72,14.15,149.67,358.51,5.02,00:00:43.8538180
-0.48,0.97,4.68,13.35,148.79,357.73,4.99,00:00:43.8711210
-0.46,0.96,4.65,12.54,148.26,357.59,4.94,00:00:43.8930590
-0.43,0.95,4.61,12.26,148.03,358.19,4.91,00:00:43.9263870
-0.41,0.95,4.58,12.3,147.73,358.79,4.87,00:00:43.9588000
-0.38,0.95,4.54,11.77,147.17,358.96,4.83,00:00:43.9930180
-0.35,0.94,4.5,11.35,146.63,359.01,4.79,00:00:44.0248330
-0.33,0.94,4.47,11.24,146.56,359.25,4.75,00:00:44.0587720
-0.3,0.94,4.43,10.98,146.99,359.36,4.71,00:00:44.0938900
-0.28,0.95,4.39,11.7,147.54,359.05,4.67,00:00:44.1300540
-0.25,0.95,4.35,12.81,147.34,358.27,4.63,00:00:44.1685820
-0.22,0.96,4.3,13.04,147.1,357.59,4.58,00:00:44.2039370
-0.2,0.96,4.26,13.43,147.69,357.7,4.55,00:00:44.2287020
-0.17,0.96,4.22,14.14,148.87,358.55,4.51,00:00:44.2716290
-0.15,0.97,4.19,14.25,149.89,359.54,4.47,00:00:44.2925990
-0.12,0.97,4.15,14.26,150.35,0,4.43,00:00:44.3316780
-0.1,0.96,4.11,14.3,150.45,359.75,4.39,00:00:44.3811010
-0.08,0.96,4.07,13.58,150.66,359.1,4.35,00:00:44.4112400
-0.05,0.95,4.03,12.45,151.23,358.68,4.31,00:00:44.4310380
-0.03,0.95,3.99,11.91,151.89,358.6,4.26,00:00:44.4754290
-0.01,0.94,3.95,11.9,152.35,358.81,4.22,00:00:44.4976310
0.02,0.94,3.9,12,152.49,358.94,4.18,00:00:44.5243450
0.05,0.94,3.85,11.84,152.27,358.58,4.13,00:00:44.5596830
0.07,0.94,3.81,11.16,151.5,358,4.09,00:00:44.5915570
0.1,0.94,3.77,11.41,151.43,358.25,4.05,00:00:44.6255400
0.13,0.94,3.73,11.84,152.07,358.82,4.01,00:00:44.6573310
0.15,0.95,3.7,11.83,151.92,358.96,3.98,00:00:44.6933810
0.18,0.96,3.66,12.81,151.31,358.62,3.95,00:00:44.7370160
0.2,0.96,3.62,13.74,151,358.09,3.91,00:00:44.7589820
0.24,0.96,3.58,13.58,150.99,357.53,3.87,00:00:44.7907380
0.26,0.96,3.54,13.61,151.06,357.4,3.83,00:00:44.8251960
0.29,0.96,3.5,13.82,150.96,357.63,3.8,00:00:44.8598310
0.31,0.96,3.47,13.78,150.95,358.05,3.76,00:00:44.8939560
0.33,0.95,3.44,13.4,150.86,358.38,3.73,00:00:44.9246580
0.36,0.95,3.4,12.84,150.71,358.55,3.69,00:00:44.9748080
0.39,0.94,3.36,12.73,150.95,358.83,3.65,00:00:45.0144560
0.41,0.94,3.32,12.38,151.42,359,3.62,00:00:45.0345870
0.44,0.94,3.27,11.37,151.97,359.07,3.57,00:00:45.0575220
0.47,0.94,3.22,10.96,153.06,359.21,3.53,00:00:45.0913770
0.49,0.94,3.18,11.2,154.18,359.12,3.5,00:00:45.1262470
0.51,0.95,3.14,10.33,155.27,358.81,3.46,00:00:45.1592240
0.54,0.95,3.11,10.22,156.79,358.94,3.43,00:00:45.2017600
0.56,0.96,3.07,11.49,158.15,359.35,3.4,00:00:45.2348240
0.58,0.97,3.03,11.98,158.93,359.67,3.37,00:00:45.2601690
0.6,0.97,2.99,11.94,159.28,0.01,3.34,00:00:45.3017490
0.62,0.97,2.94,12.21,159.5,0.25,3.3,00:00:45.3262790
0.64,0.97,2.91,12.48,159.5,0.06,3.27,00:00:45.3593790
0.66,0.97,2.87,12.31,159.43,359.42,3.23,00:00:45.3915820
0.68,0.96,2.83,11.8,159.54,358.72,3.2,00:00:45.4263080
0.7,0.96,2.79,11.61,159.9,358.29,3.16,00:00:45.4599750
0.72,0.95,2.76,11.62,159.96,357.98,3.13,00:00:45.4909390
0.74,0.95,2.72,11.36,159.19,357.3,3.1,00:00:45.5241900
0.76,0.95,2.68,10.2,158.55,356.35,3.07,00:00:45.5572240
0.78,0.94,2.65,9.42,158.63,355.49,3.04,00:00:45.5914820
0.79,0.94,2.61,9.77,159.03,354.67,3.01,00:00:45.6241860
0.8,0.95,2.58,8.88,159.42,353.77,2.98,00:00:45.6600060
0.81,0.95,2.54,8.68,160.59,353.45,2.96,00:00:45.7030190
0.82,0.96,2.51,9.92,162.9,353.66,2.93,00:00:45.7247940
0.82,0.97,2.49,10.1,165.37,353.53,2.92,00:00:45.7586960
0.82,0.97,2.46,9.03,167.76,353.01,2.89,00:00:45.7929550
0.81,0.98,2.43,8.85,170.93,352.95,2.87,00:00:45.8245750
0.8,0.98,2.4,9.53,174.51,353.24,2.84,00:00:45.8591290
0.8,0.98,2.37,9.72,178.13,353.22,2.82,00:00:45.8924680
0.78,0.98,2.34,9.71,182.15,353.04,2.79,00:00:45.9316690
0.78,0.97,2.31,9.87,186.67,352.8,2.76,00:00:45.9594360
0.76,0.97,2.29,9.88,190.78,352.53,2.74,00:00:45.9912760
0.76,0.97,2.24,9.78,195.58,352.14,2.69,00:00:46.0243510
0.74,0.96,2.21,10.17,200.36,351.77,2.67,00:00:46.0576680
0.72,0.95,2.19,11,205.69,351.84,2.64,00:00:46.0907200
0.71,0.95,2.17,11.59,211.08,352.2,2.61,00:00:46.1242510
0.69,0.94,2.15,11.97,216.21,352.9,2.6,00:00:46.1577230
0.67,0.93,2.14,13.76,221.72,353.97,2.58,00:00:46.1911140
0.65,0.93,2.14,14.75,227.13,354.66,2.58,00:00:46.2306670
0.63,0.93,2.14,14.22,232.19,355,2.58,00:00:46.2597860
0.61,0.94,2.14,14.22,236.77,355.43,2.58,00:00:46.2926040
0.59,0.94,2.15,14.28,240.17,355.54,2.58,00:00:46.3370230
0.57,0.95,2.15,14.23,242.8,355.62,2.59,00:00:46.3601540
0.56,0.95,2.15,14.59,245.68,356.19,2.59,00:00:46.3922450
0.54,0.95,2.16,14.71,249.08,357.08,2.59,00:00:46.4243980
0.53,0.95,2.13,14.75,252.56,357.98,2.57,00:00:46.4584470
0.51,0.95,2.13,14.77,255.6,358.55,2.57,00:00:46.4925610
0.5,0.95,2.12,14.81,257.89,358.79,2.55,00:00:46.5302770
0.48,0.95,2.12,14.64,259.54,358.85,2.55,00:00:46.5592650
0.46,0.94,2.12,14.44,260.6,358.89,2.55,00:00:46.5919800
0.44,0.94,2.12,14.42,261.01,358.82,2.55,00:00:46.6363640
0.42,0.94,2.12,14.04,260.38,358.36,2.55,00:00:46.6599020
0.4,0.94,2.11,14.19,258.98,357.92,2.55,00:00:46.6941430
0.39,0.94,2.11,14.77,257.7,357.88,2.55,00:00:46.7252670
0.37,0.94,2.11,14.61,256.04,357.84,2.54,00:00:46.7585580
0.36,0.95,2.1,14.3,253.59,357.71,2.54,00:00:46.7909290
0.35,0.94,2.1,15.04,250.99,358.05,2.53,00:00:46.8238910
0.34,0.94,2.08,16.07,248.95,358.56,2.52,00:00:46.8591900
0.33,0.94,2.07,15.8,247.17,358.83,2.51,00:00:46.8912610
0.31,0.95,2.06,15.2,245,358.74,2.5,00:00:46.9259270
0.3,0.95,2.04,14.79,242.65,358.63,2.49,00:00:46.9595120
0.3,0.95,2.02,14.02,240.42,358.73,2.47,00:00:46.9928160
0.3,0.95,2,12.9,238.08,359,2.46,00:00:47.0301400
0.29,0.95,1.98,12.32,235.67,359.48,2.44,00:00:47.0599240
0.29,0.95,1.96,11.84,233.23,0.03,2.43,00:00:47.0910430
0.29,0.95,1.95,11.37,230.46,0.42,2.41,00:00:47.1240370
0.3,0.96,1.93,10.98,227.65,0.57,2.4,00:00:47.1585530
0.3,0.96,1.91,9.49,224.93,0.47,2.39,00:00:47.1928230
0.31,0.96,1.89,8.41,222.3,0.58,2.37,00:00:47.2239780
0.32,0.96,1.87,9.17,219.31,0.91,2.35,00:00:47.2653620
0.32,0.96,1.85,9.87,215.41,1.18,2.34,00:00:47.2921980
0.33,0.96,1.83,10.38,210.72,1.38,2.32,00:00:47.3269870
0.35,0.96,1.81,11.51,205.76,1.76,2.31,00:00:47.3621540
0.36,0.95,1.8,12.72,200.76,2.11,2.29,00:00:47.4017760
0.38,0.95,1.78,13.23,196.05,2.42,2.28,00:00:47.4261750
0.39,0.95,1.77,13.45,191.68,2.67,2.27,00:00:47.4589420
0.4,0.95,1.76,13.51,187.02,2.63,2.26,00:00:47.5017640
0.41,0.94,1.75,13.36,182.21,2.55,2.25,00:00:47.5255440
0.42,0.94,1.74,13.93,177.76,2.81,2.24,00:00:47.5590510
0.43,0.93,1.73,14.58,173.57,2.97,2.23,00:00:47.5906710
0.44,0.93,1.72,14.24,169.54,2.75,2.22,00:00:47.6249620
0.44,0.93,1.72,13.96,165.25,2.09,2.21,00:00:47.6577410
0.44,0.92,1.71,13.59,160.73,1.3,2.21,00:00:47.6928780
0.44,0.92,1.71,13.96,156.74,1.06,2.2,00:00:47.7252990
0.44,0.91,1.71,15.22,153.94,1.42,2.2,00:00:47.7572040
0.44,0.91,1.7,15.6,151.45,1.57,2.19,00:00:47.7923310
0.44,0.91,1.7,16.6,148.64,1.22,2.19,00:00:47.8283480
0.43,0.91,1.69,18.07,146.92,1.39,2.18,00:00:47.8572110
0.43,0.91,1.68,18.42,146.53,2.04,2.18,00:00:47.8941030
0.43,0.91,1.67,17.91,146.51,2.44,2.17,00:00:47.9248970
0.43,0.92,1.66,17.6,145.85,2.1,2.17,00:00:47.9585000
0.44,0.92,1.66,17.73,144.46,1.21,2.16,00:00:47.9930930
0.44,0.91,1.65,18.21,143.09,0.49,2.15,00:00:48.0270350
0.45,0.91,1.63,19.12,142.38,0.34,2.14,00:00:48.0584070
0.46,0.91,1.62,20.05,142.02,0.27,2.13,00:00:48.0920700
0.47,0.9,1.61,20.3,141.59,359.78,2.11,00:00:48.1233900
0.48,0.9,1.6,20.21,141.24,359.2,2.11,00:00:48.1680210
0.49,0.9,1.58,20.15,141.21,358.9,2.09,00:00:48.1942180
0.51,0.89,1.57,20.14,141.36,358.79,2.08,00:00:48.2237290
0.53,0.88,1.55,20.08,141.4,358.59,2.06,00:00:48.2569690
0.55,0.88,1.53,20.02,141.44,358.27,2.05,00:00:48.2905170
0.57,0.88,1.51,19.68,141.56,357.81,2.03,00:00:48.3233390
0.59,0.87,1.49,18.81,142.03,357.55,2.02,00:00:48.3646780
0.6,0.87,1.47,17.14,142.99,357.39,2,00:00:48.3905610
0.62,0.88,1.45,15.79,144.15,357.36,2,00:00:48.4300450
0.64,0.88,1.43,16.76,144.73,357.6,1.99,00:00:48.4580800
0.65,0.89,1.42,18.22,144.32,357.46,1.98,00:00:48.4913560
0.67,0.89,1.4,18.5,144.24,357.21,1.98,00:00:48.5413430
0.69,0.9,1.38,18.43,145.72,357.56,1.97,00:00:48.5579140
0.71,0.9,1.36,18.46,147.85,358.18,1.96,00:00:48.5918810
0.73,0.91,1.34,17.56,149.3,358.12,1.95,00:00:48.6276290
0.75,0.91,1.31,16.5,150.18,357.85,1.94,00:00:48.6585550
0.76,0.92,1.29,16.47,150.59,357.66,1.93,00:00:48.6916900
0.78,0.91,1.26,17.15,150.64,357.7,1.91,00:00:48.7301150
0.8,0.91,1.24,17.78,150.9,357.93,1.89,00:00:48.7668470
0.81,0.9,1.21,18.51,151.57,358.38,1.88,00:00:48.7923120
0.83,0.89,1.18,19.18,152.21,358.77,1.86,00:00:48.8249670
0.85,0.89,1.15,19,152.69,358.86,1.84,00:00:48.8576830
0.86,0.88,1.11,18.49,153.41,358.82,1.82,00:00:48.8918860
0.88,0.88,1.08,18.25,154.21,358.76,1.8,00:00:48.9300750
0.89,0.87,1.05,18.19,154.96,358.64,1.78,00:00:48.9587020
0.91,0.87,1.01,17.33,155.11,358,1.76,00:00:48.9911780
0.93,0.88,0.97,15.56,154.77,357.01,1.75,00:00:49.0261910
0.95,0.88,0.93,15.21,155.23,356.81,1.73,00:00:49.0649390
0.97,0.88,0.9,16.19,156.36,357.25,1.72,00:00:49.0970370
0.99,0.88,0.86,16.68,156.89,357.52,1.71,00:00:49.1309620
1.01,0.89,0.82,17.63,155.95,357.47,1.71,00:00:49.1691330
1.03,0.89,0.79,18.85,154.26,357.19,1.7,00:00:49.1964610
1.05,0.9,0.76,19.02,152.85,356.7,1.7,00:00:49.2262280
1.08,0.91,0.73,18.24,152.85,356.66,1.7,00:00:49.2581340
1.09,0.91,0.69,16.84,153.92,357.09,1.69,00:00:49.2987270
1.11,0.91,0.66,15.39,154.93,357.59,1.69,00:00:49.3239010
1.13,0.91,0.62,14.64,155.62,358.21,1.68,00:00:49.3602370
1.15,0.9,0.59,14.75,156.07,358.94,1.67,00:00:49.3909010
1.18,0.9,0.55,14.72,155.99,359.13,1.67,00:00:49.4239130
1.2,0.89,0.51,13.95,155.52,358.73,1.66,00:00:49.4571410
1.23,0.89,0.48,12.9,155.35,358.28,1.66,00:00:49.4916620
1.25,0.89,0.44,12.18,155.69,358.14,1.66,00:00:49.5302470
1.27,0.89,0.41,11.69,156.21,358.28,1.66,00:00:49.5580280
1.29,0.89,0.38,10.91,157.01,358.47,1.67,00:00:49.5923550
1.32,0.89,0.34,10.03,158.23,358.52,1.68,00:00:49.6249740
1.34,0.9,0.31,9.84,159.19,358.43,1.69,00:00:49.6587240
1.36,0.9,0.27,8.78,159.75,358.3,1.7,00:00:49.6912690
1.38,0.91,0.24,8.56,160.7,358.67,1.71,00:00:49.7247100
1.4,0.92,0.2,9.59,161.68,359.28,1.72,00:00:49.7589150
1.42,0.92,0.17,10.12,161.86,359.44,1.73,00:00:49.8001330
1.43,0.93,0.14,10.22,161.14,359.49,1.75,00:00:49.8365990
1.45,0.94,0.13,10.78,159.96,359.76,1.76,00:00:49.8700190
1.47,0.94,0.1,11.84,158.53,0.14,1.77,00:00:49.8909760
1.48,0.94,0.08,12.69,157.07,0.46,1.78,00:00:49.9294990
1.51,0.94,0.05,13.41,155.78,0.78,1.79,00:00:49.9574240
1.53,0.93,0.03,13.68,154.46,1.03,1.8,00:00:49.9910190
1.55,0.93,0.01,13.37,152.88,1,1.81,00:00:50.0305600
1.57,0.92,-0.01,12.76,150.73,0.69,1.82,00:00:50.0602340
1.6,0.92,-0.03,12.22,147.96,0.36,1.83,00:00:50.0916450
1.62,0.91,-0.05,11.91,144.55,0.04,1.85,00:00:50.1255050
1.64,0.91,-0.06,11.57,140.57,359.79,1.86,00:00:50.1567300
1.67,0.91,-0.08,10.61,136.65,359.81,1.88,00:00:50.1919050
1.69,0.91,-0.09,9.2,133.15,0.35,1.9,00:00:50.2232720
1.72,0.91,-0.1,9.72,129.96,0.96,1.91,00:00:50.2572070
1.74,0.91,-0.1,8.73,126.07,0.34,1.93,00:00:50.2917820
1.77,0.92,-0.11,7.46,121.51,359.42,1.96,00:00:50.3304680
1.79,0.92,-0.11,8.1,116.37,358.77,1.97,00:00:50.3574010
1.81,0.92,-0.11,9.46,111.21,358.65,1.99,00:00:50.3908820
1.83,0.93,-0.1,10.83,106.45,359.01,2,00:00:50.4234820
1.84,0.93,-0.09,11.77,101.25,358.81,2.02,00:00:50.4567150
1.86,0.94,-0.08,11.88,95.8,358.06,2.03,00:00:50.4918450
1.87,0.94,-0.07,11.97,91.24,357.69,2.04,00:00:50.5262190
1.88,0.94,-0.05,12.12,87.42,357.75,2.05,00:00:50.5595460
1.89,0.94,-0.04,11.85,83.63,357.91,2.06,00:00:50.5922260
1.89,0.94,-0.03,11.19,79.74,357.99,2.06,00:00:50.6400820
1.9,0.94,-0.01,10.86,75.61,357.9,2.06,00:00:50.6589340
1.9,0.94,0.01,10.89,71.46,357.81,2.06,00:00:50.6943580
1.9,0.94,0.02,10.81,67.85,357.63,2.06,00:00:50.7258540
1.89,0.94,0.04,11.05,63.41,357.37,2.06,00:00:50.7595290
1.89,0.93,0.06,11.67,59.21,357.43,2.05,00:00:50.7989910
1.88,0.93,0.07,11.83,55.94,358.01,2.05,00:00:50.8252300
1.87,0.93,0.09,11.76,52.83,358.63,2.04,00:00:50.8602100
1.85,0.93,0.1,11.65,48.74,358.77,2.03,00:00:50.8915320
1.84,0.93,0.11,11.46,44.01,358.69,2.02,00:00:50.9248470
1.82,0.92,0.13,11.39,39.49,358.7,2,00:00:50.9579340
1.8,0.92,0.13,11.85,35.35,358.89,1.99,00:00:50.9902480
1.78,0.92,0.14,12.2,30.89,358.77,1.97,00:00:51.0299820
1.76,0.92,0.15,11.82,26.14,358.08,1.96,00:00:51.0589570
1.74,0.92,0.15,11.39,21.57,357.42,1.94,00:00:51.1007680
1.72,0.92,0.15,11.13,17.37,356.95,1.93,00:00:51.1242380
1.69,0.91,0.15,10.66,13.32,356.52,1.91,00:00:51.1611250
1.67,0.91,0.14,10.17,9.34,356.06,1.89,00:00:51.2027920
1.65,0.91,0.14,9.86,5.13,355.5,1.87,00:00:51.2248170
1.62,0.91,0.13,9.41,0.77,354.85,1.86,00:00:51.2578150
1.6,0.91,0.11,9.11,356.89,354.54,1.84,00:00:51.2902060
1.59,0.91,0.1,9.37,353.62,354.72,1.82,00:00:51.3230690
1.57,0.91,0.1,9.69,350.45,354.88,1.81,00:00:51.3566470
1.56,0.9,0.08,9.55,347.22,354.75,1.8,00:00:51.3915630
1.55,0.9,0.08,9.94,344.01,354.55,1.79,00:00:51.4240980
1.54,0.9,0.06,11.08,340.76,354.26,1.78,00:00:51.4596690
1.52,0.89,0.04,11.6,337.15,353.61,1.77,00:00:51.4926480
1.51,0.89,0.02,12.44,333.75,353.23,1.76,00:00:51.5226180
1.51,0.88,0.01,14.11,330.56,352.77,1.75,00:00:51.5643500
1.5,0.88,-0.01,15.28,327.7,352.15,1.74,00:00:51.5900710
1.5,0.87,-0.03,16.21,324.24,351.51,1.73,00:00:51.6241150
1.49,0.86,-0.05,17.52,321.41,351.35,1.72,00:00:51.6569210
1.48,0.85,-0.07,19.46,319.64,351.73,1.71,00:00:51.6918170
1.47,0.85,-0.1,21.41,318.11,351.88,1.7,00:00:51.7300910
1.46,0.83,-0.11,23.26,316.32,351.47,1.68,00:00:51.7566990
1.45,0.82,-0.13,25.39,314.27,350.62,1.67,00:00:51.7907680
1.44,0.81,-0.15,27.1,312.47,349.1,1.66,00:00:51.8231330
1.44,0.8,-0.17,28.27,310.89,347.22,1.64,00:00:51.8564360
1.43,0.78,-0.19,30.57,309.13,345.77,1.63,00:00:51.8910950
1.42,0.77,-0.21,33.03,306.84,343.74,1.61,00:00:51.9297150
1.41,0.75,-0.22,35.05,303.87,340.88,1.6,00:00:51.9591790
1.41,0.73,-0.24,37.45,300.86,338.31,1.59,00:00:51.9926610
1.4,0.72,-0.25,40.44,298.43,336.26,1.57,00:00:52.0246980
1.4,0.7,-0.27,43.09,297.29,334.83,1.56,00:00:52.0603520
1.39,0.68,-0.28,46.44,296.87,334.3,1.54,00:00:52.0953300
1.38,0.66,-0.29,50,296.25,333.45,1.52,00:00:52.1240970
1.38,0.64,-0.3,52.56,296.16,331.8,1.5,00:00:52.1572200
1.37,0.61,-0.31,55.89,295.42,330.09,1.49,00:00:52.1919350
1.37,0.59,-0.33,59.54,292.79,327.18,1.47,00:00:52.2300780
1.37,0.57,-0.33,61.9,289.8,323.65,1.46,00:00:52.2603140
1.36,0.55,-0.34,64.08,286.7,320.2,1.44,00:00:52.2916890
1.36,0.52,-0.35,66.27,285.61,318.75,1.42,00:00:52.3236900
1.36,0.5,-0.36,68.91,284.99,318.54,1.41,00:00:52.3585930
1.35,0.48,-0.37,72.14,284.85,319.26,1.4,00:00:52.4061850
1.35,0.46,-0.38,74.58,288.02,323.01,1.38,00:00:52.4505180
1.35,0.44,-0.38,76.73,289.36,325.37,1.36,00:00:52.4707660
1.35,0.42,-0.38,78.42,286.98,323.53,1.35,00:00:52.4946390
1.35,0.4,-0.39,79.83,284.47,321.24,1.34,00:00:52.5230980
1.34,0.38,-0.4,81.24,282.21,319.18,1.33,00:00:52.5585200
1.35,0.36,-0.4,82.25,277.99,314.95,1.32,00:00:52.5919410
1.35,0.34,-0.41,83.04,270.03,307.11,1.32,00:00:52.6352010
1.34,0.33,-0.41,83.88,264.56,301.95,1.31,00:00:52.6582210
1.35,0.32,-0.42,84.88,261.05,299.01,1.3,00:00:52.6900210
1.34,0.3,-0.43,85.47,255.59,293.91,1.3,00:00:52.7238780
1.34,0.29,-0.43,85.8,248,286.46,1.29,00:00:52.7562780
1.35,0.28,-0.44,86.2,239.04,277.66,1.29,00:00:52.7897900
1.34,0.27,-0.44,86.51,231.47,270.07,1.28,00:00:52.8301270
1.35,0.26,-0.45,86.67,226.86,265.35,1.28,00:00:52.8559810
1.35,0.25,-0.45,86.97,223.46,261.86,1.28,00:00:52.8898880
1.35,0.24,-0.46,87.18,218.86,257.21,1.27,00:00:52.9298930
1.35,0.24,-0.46,86.97,211.63,249.96,1.27,00:00:52.9558500
1.35,0.23,-0.46,86.45,204.07,242.18,1.27,00:00:52.9894080
1.35,0.22,-0.46,86.21,197.89,235.74,1.27,00:00:53.0238990
1.35,0.22,-0.47,86.24,192.48,230.05,1.27,00:00:53.0712450
1.35,0.21,-0.47,86.13,190.36,227.55,1.26,00:00:53.1039420
1.36,0.22,-0.46,85.83,187.44,224.31,1.27,00:00:53.1244130
1.35,0.23,-0.46,85.5,186.2,222.7,1.27,00:00:53.1576030
1.35,0.23,-0.46,85.14,184.37,220.72,1.27,00:00:53.1915630
1.35,0.23,-0.47,84.47,181.7,217.93,1.27,00:00:53.2246440
1.35,0.22,-0.47,84.03,179.19,215.28,1.27,00:00:53.2563040
1.35,0.22,-0.47,83.95,175.97,211.89,1.27,00:00:53.2886870
1.35,0.22,-0.47,83.78,173.03,208.75,1.27,00:00:53.3224500
1.35,0.22,-0.47,83.62,172.55,207.86,1.27,00:00:53.3568760
1.35,0.22,-0.47,83.81,173.37,208.12,1.27,00:00:53.3896110
1.35,0.21,-0.47,83.98,171.48,205.99,1.27,00:00:53.4248120
1.35,0.21,-0.47,84.07,169.28,203.72,1.27,00:00:53.4564510
1.35,0.21,-0.48,84.25,167.6,201.97,1.27,00:00:53.4894790
1.35,0.21,-0.48,84.44,166.31,200.58,1.27,00:00:53.5225580
1.35,0.2,-0.48,84.44,165.25,199.55,1.27,00:00:53.5560750
1.35,0.2,-0.48,84.34,163.64,198.07,1.27,00:00:53.5891830
1.35,0.2,-0.48,84.34,161.19,195.79,1.27,00:00:53.6227280
1.35,0.2,-0.48,84.46,160.67,195.31,1.27,00:00:53.6565360
1.35,0.2,-0.49,84.5,160.28,195,1.27,00:00:53.6912000
1.36,0.2,-0.49,84.46,158.69,193.52,1.27,00:00:53.7258550
1.36,0.19,-0.49,84.55,157.81,192.71,1.27,00:00:53.7569030
1.36,0.19,-0.49,84.67,158.01,192.9,1.27,00:00:53.7960440
1.36,0.19,-0.49,84.53,158.02,192.92,1.27,00:00:53.8351060
1.36,0.19,-0.49,84.32,158.79,193.6,1.27,00:00:53.8563740
1.36,0.19,-0.49,84.36,160.8,195.39,1.27,00:00:53.8905780
1.36,0.19,-0.49,84.45,161.63,196.13,1.27,00:00:53.9368700
1.36,0.19,-0.49,84.39,161.73,196.23,1.27,00:00:53.9572380
1.36,0.19,-0.49,84.41,162.08,196.55,1.27,00:00:53.9889610
1.36,0.2,-0.49,84.47,162,196.5,1.27,00:00:54.0333330
1.36,0.2,-0.49,84.37,161.49,196.07,1.27,00:00:54.0564960
1.36,0.2,-0.48,84.47,161.58,196.04,1.27,00:00:54.0920950
1.36,0.2,-0.48,84.82,161.96,196.31,1.27,00:00:54.1249590
1.36,0.2,-0.48,85.06,162.45,196.98,1.27,00:00:54.1691910
1.36,0.2,-0.48,85.04,165.02,199.76,1.27,00:00:54.1927030
1.36,0.2,-0.48,85.02,168.12,202.94,1.27,00:00:54.2241440
1.36,0.2,-0.47,85.19,169.43,204.18,1.26,00:00:54.2560380
1.35,0.2,-0.47,85.4,168.65,203.25,1.26,00:00:54.2898380
1.35,0.2,-0.47,85.61,167.84,202.17,1.26,00:00:54.3256330
1.35,0.2,-0.47,85.81,166.76,200.82,1.26,00:00:54.3566740
1.35,0.2,-0.47,85.92,164.73,198.59,1.26,00:00:54.4144500
1.35,0.2,-0.47,85.98,164.3,197.99,1.26,00:00:54.4444480
1.35,0.2,-0.47,85.94,164.1,197.73,1.26,00:00:54.4747470
1.35,0.2,-0.47,85.85,163.63,197.31,1.26,00:00:54.5047560
1.35,0.2,-0.46,85.85,163.2,196.96,1.26,00:00:54.5249700
1.35,0.2,-0.46,85.85,162.81,196.61,1.26,00:00:54.5646520
1.35,0.2,-0.46,85.73,160.87,194.78,1.26,00:00:54.6013310
1.35,0.2,-0.46,85.6,159.2,193.21,1.26,00:00:54.6370730
1.35,0.2,-0.46,85.55,157.9,191.92,1.26,00:00:54.6680190
1.35,0.2,-0.46,85.53,157.95,191.96,1.26,00:00:54.6898000
1.35,0.2,-0.46,85.45,160.16,194.15,1.26,00:00:54.7267190
1.35,0.2,-0.46,85.29,162.68,196.69,1.26,00:00:54.7627100
1.35,0.2,-0.46,85.21,163.02,197.07,1.26,00:00:54.8005110
1.35,0.2,-0.46,85.25,161.06,195.3,1.26,00:00:54.8269410
1.35,0.2,-0.46,85.36,159.08,193.46,1.26,00:00:54.8706360
1.35,0.2,-0.46,85.39,159.75,194.17,1.26,00:00:54.9002900
1.35,0.2,-0.46,85.44,159.33,193.86,1.26,00:00:54.9250720
1.35,0.2,-0.46,85.54,158.64,193.32,1.26,00:00:54.9594270
1.36,0.2,-0.46,85.5,159.37,194.16,1.26,00:00:54.9921120
1.35,0.2,-0.46,85.45,159.53,194.37,1.26,00:00:55.0314940
1.35,0.2,-0.46,85.4,159.73,194.64,1.26,00:00:55.0572700
1.35,0.2,-0.46,85.38,160.48,195.43,1.26,00:00:55.0907580
1.35,0.2,-0.46,85.33,160.83,195.82,1.26,00:00:55.1392860
1.36,0.2,-0.46,85.27,161.16,196.15,1.26,00:00:55.1575860
1.36,0.2,-0.46,85.24,161.34,196.33,1.26,00:00:55.1890280
1.36,0.2,-0.46,85.24,160.96,195.98,1.26,00:00:55.2219260
1.36,0.2,-0.46,85.21,161.86,196.98,1.26,00:00:55.2553100
1.36,0.21,-0.45,85.21,164.3,199.54,1.26,00:00:55.2903270
1.36,0.21,-0.45,85.33,166.33,201.82,1.26,00:00:55.3233930
1.36,0.21,-0.45,85.43,166.4,202.39,1.27,00:00:55.3586940
1.36,0.22,-0.44,85.41,165.91,202.65,1.27,00:00:55.3915550
1.36,0.22,-0.43,85.53,165.72,203.22,1.27,00:00:55.4268650
1.36,0.23,-0.42,86.01,161.62,199.73,1.27,00:00:55.4701700
1.37,0.23,-0.41,86.65,151.09,189.58,1.27,00:00:55.5006200
1.37,0.24,-0.4,87.19,139.07,177.73,1.27,00:00:55.5470200
1.37,0.25,-0.39,87.26,132.39,171.12,1.27,00:00:55.5659940
1.38,0.25,-0.37,87.06,137.35,176.42,1.27,00:00:55.5965030
1.38,0.25,-0.36,87.45,144,182.76,1.27,00:00:55.6288280
1.38,0.26,-0.34,88.39,140.24,178.17,1.27,00:00:55.6572380
1.39,0.26,-0.32,88.92,115.1,152.45,1.27,00:00:55.6896090
1.39,0.26,-0.31,89.14,109.99,147.07,1.27,00:00:55.7437320
1.39,0.26,-0.29,89.32,129.56,166.72,1.27,00:00:55.7734380
1.39,0.26,-0.27,89.59,130.25,167.37,1.27,00:00:55.8029410
1.4,0.26,-0.25,89.82,76.44,113.22,1.27,00:00:55.8269570
1.4,0.26,-0.23,89.56,23.09,59.4,1.27,00:00:55.8564250
1.4,0.26,-0.22,89.33,349.42,24.91,1.27,00:00:55.8904330
1.41,0.26,-0.2,89.14,337.72,12.25,1.27,00:00:55.9444540
1.41,0.26,-0.18,88.91,333.69,7.18,1.27,00:00:55.9751820
1.42,0.25,-0.17,88.67,334.61,6.98,1.27,00:00:55.9983520
1.42,0.25,-0.16,88.71,339.6,11.15,1.27,00:00:56.0401950
1.42,0.25,-0.14,88.71,342.91,13.78,1.27,00:00:56.0612020
1.42,0.25,-0.13,88.51,351.59,22.06,1.27,00:00:56.0921320
1.43,0.25,-0.12,88.1,359.46,29.73,1.27,00:00:56.1293120
1.43,0.25,-0.11,87.73,0.27,30.39,1.27,00:00:56.1549840
1.43,0.25,-0.1,87.59,1.94,31.96,1.27,00:00:56.1896500
1.43,0.24,-0.09,87.44,2.87,32.78,1.27,00:00:56.2275320
1.43,0.24,-0.08,87.19,358.73,28.37,1.27,00:00:56.2569370
1.43,0.24,-0.07,87,355.51,24.8,1.27,00:00:56.2962720
1.44,0.24,-0.06,86.99,352.75,21.68,1.27,00:00:56.3223370
1.44,0.24,-0.05,87.14,348.5,17.17,1.27,00:00:56.3552790
1.44,0.24,-0.04,87.36,346.44,14.96,1.27,00:00:56.3894910
1.44,0.23,-0.04,87.47,345.86,14.19,1.27,00:00:56.4218900
1.44,0.23,-0.03,87.48,343.99,12.06,1.27,00:00:56.4578590
1.44,0.23,-0.03,87.39,342.32,10.04,1.27,00:00:56.4938960
1.44,0.23,-0.02,87.3,341.22,8.56,1.27,00:00:56.5241180
1.44,0.23,-0.02,87.29,339.1,6.09,1.27,00:00:56.5598810
1.44,0.23,-0.02,87.36,337.78,4.59,1.27,00:00:56.5942970
1.44,0.23,-0.02,87.5,335.49,2.24,1.27,00:00:56.6325890
1.44,0.22,-0.01,87.71,333.02,359.77,1.27,00:00:56.6659200
1.44,0.22,-0.01,87.83,332.62,359.33,1.27,00:00:56.7199240
1.44,0.22,-0.01,87.77,332.37,358.95,1.27,00:00:56.7663870
1.44,0.22,-0.01,87.72,329.51,355.91,1.27,00:00:56.8015660
1.44,0.22,0,87.78,327.04,353.29,1.27,00:00:56.8401270
1.44,0.22,0,87.98,330.08,356.33,1.26,00:00:56.8899490
1.44,0.21,0,88.11,327.89,354.18,1.26,00:00:56.9239870
1.44,0.21,0,88.37,332.46,358.91,1.26,00:00:56.9552290
1.44,0.21,0,88.62,335.88,2.47,1.26,00:00:56.9898520
1.44,0.2,0.01,89,317.86,344.53,1.26,00:00:57.0233560
1.44,0.2,0.01,89.19,331.88,358.69,1.25,00:00:57.0562280
0.33,0.04,0,89.9,0.95,0,0.48,00:00:57.1021780
0.33,0.03,0,89.74,186.91,185.89,0.47,00:00:57.1261080
0.33,0.03,0,89.73,180.28,179.2,0.47,00:00:57.1575320
0.33,0.02,0,89.62,170.44,169.31,0.46,00:00:57.1909760
0.33,0.02,0,89.39,163.65,162.5,0.46,00:00:57.2225150
0.33,0.01,0,88.91,177.47,176.32,0.45,00:00:57.2704980
0.33,0.01,0,88.69,175.16,173.96,0.45,00:00:57.3009040
0.34,0,0,88.58,171.19,169.85,0.44,00:00:57.3363240
0.34,0,0,88.52,171.07,169.51,0.44,00:00:57.3787720
0.34,-0.01,0,88.36,166.6,164.88,0.43,00:00:57.3938680
0.34,-0.01,0,88.18,159.09,157.29,0.43,00:00:57.4537590
0.34,-0.01,0,88.13,164.55,162.57,0.43,00:00:57.4780110
0.34,-0.01,0,88.09,175.71,173.6,0.43,00:00:57.5125660
0.34,-0.01,0,87.97,177.62,175.58,0.43,00:00:57.5446170
0.34,-0.01,0,87.74,176.51,174.76,0.43,00:00:57.5816480
0.34,-0.01,0,87.65,175.67,174.2,0.43,00:00:57.6341500
0.34,0,0,87.72,174.49,173.26,0.43,00:00:57.7395520
0.34,0,0,87.9,172.46,171.37,0.44,00:00:57.7976040
0.34,0,0,88.29,160.98,160.19,0.44,00:00:57.8143110
0.34,0.01,0,88.54,159.4,158.68,0.45,00:00:57.8462410
0.34,0.01,0,88.67,167.97,167.48,0.45,00:00:57.8690790
0.33,0.01,0,88.7,168.78,168.49,0.45,00:00:57.9114170
0.33,0.02,0,88.7,175.46,175.32,0.45,00:00:57.9729760
0.33,0.02,0,88.65,181.55,181.52,0.45,00:00:58.0201070
0.33,0.02,0,88.68,181.62,181.66,0.46,00:00:58.0789500
0.33,0.02,0,88.43,181.96,182.2,0.46,00:00:58.0950440
0.33,0.02,0,88.51,183.03,183.36,0.46,00:00:58.1209080
0.33,0.03,0,89.14,160.51,161.12,0.47,00:00:58.1544940
0.33,0.03,0,89.57,86.81,87.49,0.47,00:00:58.2010300
0.33,0.04,0,88.67,24.35,25.21,0.47,00:00:58.2225390
0.33,0.04,0,86.99,13.41,14.47,0.48,00:00:58.2703040
0.32,0.05,0,84.73,11.65,12.89,0.49,00:00:58.3041980
0.32,0.05,0,81.9,6.14,7.44,0.49,00:00:58.3383930
0.31,0.06,0,78.43,0.9,2.24,0.5,00:00:58.3595000
0.3,0.07,0,75.19,359.34,1.11,0.51,00:00:58.3948160
0.29,0.08,0,71.86,358.32,0.68,0.52,00:00:58.4266150
0.28,0.09,0,68.3,356.87,359.8,0.53,00:00:58.4569050
0.27,0.1,-0.01,65.18,355.03,358.51,0.54,00:00:58.4895810
0.26,0.11,-0.01,62.52,354.06,357.97,0.56,00:00:58.5233270
0.24,0.12,-0.01,59.96,353.1,357.46,0.56,00:00:58.5699850
0.23,0.12,-0.01,58.48,352.57,357.67,0.57,00:00:58.5955590
0.21,0.13,-0.01,56.44,351.49,357.55,0.58,00:00:58.6226520
0.2,0.13,-0.01,53.6,350.87,357.3,0.59,00:00:58.6743670
0.18,0.13,-0.01,51.41,352.54,358.86,0.59,00:00:58.7250900
0.17,0.12,-0.01,48.74,354.73,0.97,0.59,00:00:58.7633240
0.15,0.11,-0.01,45.2,356.7,2.89,0.59,00:00:58.8143610
0.12,0.1,-0.01,37.47,358.25,5.06,0.59,00:00:58.8844860
0.1,0.09,0,34.07,0.26,6.62,0.59,00:00:58.9079880
0.09,0.08,0,31.85,2.4,7.83,0.58,00:00:58.9423300
0.06,0.06,0,28.73,4.76,8.15,0.58,00:00:58.9622830
0.05,0.05,0,25.31,5.19,8.67,0.57,00:00:58.9942600
0.05,0.04,0,22.98,5.61,9.28,0.57,00:00:59.0226350
0.04,0.04,0,20.59,5.13,9.23,0.57,00:00:59.0581080
0.03,0.03,0,17.67,3.62,8.51,0.57,00:00:59.0905930
0.03,0.03,0,16.4,2.99,8.09,0.57,00:00:59.1219650
0.02,0.03,0,13.59,2.89,8.08,0.57,00:00:59.1589480
0.02,0.03,0,10.9,2.61,7.72,0.58,00:00:59.1884660
0.03,0.02,0.01,8.61,1.62,7.18,0.56,00:00:59.2209730
0.03,0.01,0.01,5.68,0.14,6.81,0.56,00:00:59.2575730
0.04,0.01,0.01,4.17,359.29,6.02,0.56,00:00:59.2929360
0.04,0.02,0,2.21,358.03,4.6,0.56,00:00:59.3266570
0.04,0.02,0,0.13,356.86,3.89,0.56,00:00:59.3632930
0.04,0.02,0,359.26,356.27,3.15,0.56,00:00:59.3889640
0.04,0.03,0,359.56,356.34,2.07,0.56,00:00:59.4294500
0.04,0.03,0,0.01,356.72,0.55,0.56,00:00:59.4598180
0.04,0.03,-0.01,359.91,357.37,359.48,0.56,00:01:00.6266590
